Date,series,OPEN,HIGH,LOW,PREV. CLOSE,ltp,close,vwap,52WH,52WL,VOLUME,VALUE,No of trades
07-Nov-24,EQ,"1,248.00","1,269.20","1,232.00","1,239.10","1,241.85","1,239.00","1,246.48","1,700.00",831.25,"1,49,541","18,64,00,060.95","21,467"
06-Nov-24,EQ,"1,220.00","1,249.00","1,210.50","1,207.05","1,239.80","1,239.10","1,231.28","1,700.00",831.25,"1,49,679","18,42,96,942.75","20,370"
05-Nov-24,EQ,"1,204.00","1,235.95","1,195.55","1,200.55","1,203.65","1,207.05","1,206.09","1,700.00",831.25,"1,23,663","14,91,49,086.55","21,125"
04-Nov-24,EQ,"1,264.90","1,264.90","1,196.45","1,245.60","1,202.45","1,200.55","1,206.58","1,700.00",831.25,"1,58,608","19,13,73,411.55","26,238"
01-Nov-24,EQ,"1,239.90","1,256.50","1,237.15","1,223.50","1,242.00","1,245.60","1,246.00","1,700.00",831.25,"33,680","4,19,65,158.95","4,500"
31-Oct-24,EQ,"1,220.00","1,257.75","1,194.05","1,197.10","1,220.00","1,223.50","1,222.22","1,700.00",831.25,"5,64,404","68,98,24,517.30","52,431"
30-Oct-24,EQ,"1,225.50","1,235.00","1,191.10","1,213.05","1,203.00","1,197.10","1,202.15","1,700.00",831.25,"1,67,713","20,16,15,744.35","13,909"
29-Oct-24,EQ,"1,214.00","1,216.65","1,195.55","1,209.70","1,214.95","1,213.05","1,207.78","1,700.00",831.25,"55,679","6,72,47,745.25","9,052"
28-Oct-24,EQ,"1,195.00","1,225.00","1,179.25","1,189.55","1,214.95","1,209.70","1,206.42","1,700.00",831.25,"1,16,953","14,10,93,921.00","16,284"
25-Oct-24,EQ,"1,265.00","1,269.45","1,174.55","1,260.40","1,202.00","1,189.55","1,201.34","1,700.00",831.25,"2,48,536","29,85,76,760.60","30,269"
24-Oct-24,EQ,"1,269.95","1,292.45","1,249.80","1,274.60","1,260.00","1,260.40","1,266.22","1,700.00",831.25,"62,384","7,89,91,821.40","11,151"
23-Oct-24,EQ,"1,260.00","1,284.95","1,225.15","1,266.55","1,276.10","1,274.60","1,261.96","1,700.00",831.25,"1,22,216","15,42,31,433.75","15,298"
22-Oct-24,EQ,"1,289.50","1,290.40","1,252.50","1,285.95","1,267.50","1,266.55","1,265.69","1,700.00",831.25,"1,17,532","14,87,59,579.40","13,451"
21-Oct-24,EQ,"1,323.75","1,333.05","1,280.00","1,323.75","1,280.05","1,285.95","1,299.66","1,700.00",831.25,"80,458","10,45,68,324.20","12,164"
18-Oct-24,EQ,"1,313.40","1,328.65","1,287.50","1,313.40","1,320.10","1,323.75","1,312.16","1,700.00",831.25,"87,628","11,49,82,128.60","18,011"
17-Oct-24,EQ,"1,344.50","1,345.95","1,310.00","1,342.50","1,313.55","1,313.40","1,323.03","1,700.00",831.25,"1,26,441","16,72,85,421.75","21,112"
16-Oct-24,EQ,"1,345.55","1,360.60","1,331.95","1,345.65","1,340.00","1,342.50","1,341.49","1,700.00",831.25,"3,39,541","45,54,91,101.55","30,834"
15-Oct-24,EQ,"1,311.00","1,350.00","1,295.35","1,307.65","1,342.00","1,345.65","1,327.84","1,700.00",831.25,"3,15,241","41,85,91,164.30","35,785"
14-Oct-24,EQ,"1,299.00","1,317.00","1,299.00","1,298.15","1,307.40","1,307.65","1,307.06","1,700.00",831.25,"1,15,251","15,06,40,021.70","17,507"
11-Oct-24,EQ,"1,310.20","1,311.00","1,288.00","1,300.15","1,296.90","1,298.15","1,296.30","1,700.00",831.25,"1,44,824","18,77,35,814.20","14,022"
10-Oct-24,EQ,"1,310.00","1,319.50","1,291.00","1,295.05","1,300.75","1,300.15","1,300.70","1,700.00",831.25,"1,73,681","22,59,07,171.40","17,078"
09-Oct-24,EQ,"1,350.00","1,354.90","1,285.00","1,333.90","1,301.00","1,295.05","1,312.49","1,700.00",831.25,"3,05,576","40,10,65,536.60","27,043"
08-Oct-24,EQ,"1,305.00","1,351.10","1,267.20","1,294.55","1,332.65","1,333.90","1,299.72","1,700.00",831.25,"4,65,274","60,47,28,012.60","37,255"
07-Oct-24,EQ,"1,368.55","1,374.40","1,279.00","1,365.15","1,296.20","1,294.55","1,303.07","1,700.00",831.25,"3,42,690","44,65,49,871.60","48,448"
04-Oct-24,EQ,"1,384.00","1,386.95","1,336.95","1,380.85","1,364.00","1,365.15","1,364.35","1,700.00",831.25,"1,81,220","24,72,48,243.80","22,040"
03-Oct-24,EQ,"1,401.10","1,406.30","1,365.00","1,420.20","1,379.20","1,380.85","1,383.00","1,700.00",831.25,"1,88,069","26,00,99,568.05","21,663"
01-Oct-24,EQ,"1,423.90","1,445.00","1,410.95","1,412.50","1,418.00","1,420.20","1,426.46","1,700.00",831.25,"1,82,323","26,00,77,087.70","20,875"
30-Sep-24,EQ,"1,440.00","1,449.15","1,404.10","1,443.35","1,430.90","1,412.50","1,419.17","1,700.00",831.25,"2,42,644","34,43,52,992.75","16,791"
27-Sep-24,EQ,"1,458.10","1,463.70","1,440.50","1,458.95","1,441.50","1,443.35","1,449.40","1,700.00",831.25,"1,85,789","26,92,82,983.75","18,724"
26-Sep-24,EQ,"1,464.25","1,465.55","1,422.30","1,459.30","1,457.00","1,458.95","1,448.91","1,700.00",831.25,"2,01,991","29,26,66,387.70","18,801"
25-Sep-24,EQ,"1,487.00","1,530.00","1,455.00","1,487.45","1,460.00","1,459.30","1,468.50","1,700.00",831.25,"2,48,537","36,49,76,716.15","20,297"
24-Sep-24,EQ,"1,532.00","1,534.85","1,483.00","1,526.65","1,494.00","1,487.45","1,509.79","1,700.00",831.25,"5,63,248","85,03,86,195.05","42,370"
23-Sep-24,EQ,"1,394.00","1,559.00","1,392.00","1,387.20","1,517.10","1,526.65","1,513.95","1,700.00",831.25,"36,36,846","5,50,59,94,157.85","1,78,807"
20-Sep-24,EQ,"1,400.00","1,412.00","1,372.00","1,398.55","1,400.50","1,387.20","1,386.70","1,700.00",831.25,"1,68,561","23,37,43,078.35","15,354"
19-Sep-24,EQ,"1,403.90","1,415.55","1,382.05","1,403.90","1,392.10","1,398.55","1,394.17","1,700.00",831.25,"94,807","13,21,77,209.05","14,479"
18-Sep-24,EQ,"1,418.90","1,425.00","1,398.10","1,418.00","1,406.00","1,403.90","1,407.68","1,700.00",831.25,"51,228","7,21,12,613.10","7,028"
17-Sep-24,EQ,"1,408.00","1,424.70","1,390.15","1,406.45","1,416.25","1,418.00","1,405.32","1,700.00",831.25,"1,04,600","14,69,96,298.40","11,222"
16-Sep-24,EQ,"1,433.00","1,433.00","1,400.70","1,423.15","1,411.00","1,406.45","1,412.43","1,700.00",831.25,"57,616","8,13,78,846.30","7,186"
13-Sep-24,EQ,"1,420.95","1,435.00","1,405.20","1,413.35","1,411.55","1,423.15","1,419.50","1,700.00",831.25,"80,431","11,41,72,003.50","8,479"
12-Sep-24,EQ,"1,389.95","1,420.95","1,377.00","1,379.95","1,410.00","1,413.35","1,401.39","1,700.00",831.25,"99,460","13,93,81,922.20","9,393"
11-Sep-24,EQ,"1,386.00","1,396.65","1,371.50","1,385.95","1,389.00","1,379.95","1,382.34","1,700.00",831.25,"79,892","11,04,37,588.25","8,658"
10-Sep-24,EQ,"1,396.90","1,415.70","1,369.15","1,386.10","1,382.05","1,385.95","1,394.95","1,700.00",831.25,"1,54,067","21,49,15,724.90","11,356"
09-Sep-24,EQ,"1,410.00","1,415.30","1,381.55","1,413.25","1,388.80","1,386.10","1,393.66","1,700.00",831.25,"98,825","13,77,28,422.60","9,751"
06-Sep-24,EQ,"1,425.00","1,452.50","1,410.00","1,424.40","1,414.00","1,413.25","1,427.29","1,700.00",831.25,"1,88,595","26,91,78,887.00","13,355"
05-Sep-24,EQ,"1,434.95","1,441.40","1,417.00","1,430.80","1,422.40","1,424.40","1,424.46","1,700.00",831.25,"1,37,088","19,52,76,803.00","13,142"
04-Sep-24,EQ,"1,440.00","1,451.95","1,425.00","1,443.45","1,430.55","1,430.80","1,436.96","1,700.00",831.25,"1,13,701","16,33,83,442.20","6,554"
03-Sep-24,EQ,"1,453.85","1,469.90","1,440.00","1,451.10","1,440.05","1,443.45","1,450.93","1,700.00",831.25,"1,07,344","15,57,48,563.95","8,925"
02-Sep-24,EQ,"1,452.25","1,464.00","1,445.05","1,452.25","1,450.00","1,451.10","1,453.76","1,700.00",831.25,"1,01,422","14,74,42,955.65","9,591"
30-Aug-24,EQ,"1,445.00","1,514.85","1,443.00","1,440.45","1,447.00","1,452.25","1,487.22","1,700.00",831.25,"7,11,519","1,05,81,88,452.95","44,883"
29-Aug-24,EQ,"1,465.00","1,470.15","1,433.50","1,464.10","1,440.00","1,440.45","1,448.53","1,700.00",831.25,"72,135","10,44,89,986.50","8,960"
28-Aug-24,EQ,"1,482.70","1,492.15","1,460.05","1,482.70","1,464.90","1,464.10","1,471.13","1,700.00",831.25,"84,635","12,45,08,729.00","13,096"
27-Aug-24,EQ,"1,490.00","1,499.95","1,468.30","1,486.90","1,475.00","1,482.70","1,485.98","1,700.00",831.25,"1,94,847","28,95,38,572.80","15,812"
26-Aug-24,EQ,"1,482.00","1,516.30","1,452.35","1,477.45","1,490.00","1,486.90","1,474.60","1,700.00",831.25,"1,74,698","25,76,09,137.20","10,639"
23-Aug-24,EQ,"1,465.70","1,538.00","1,454.85","1,454.95","1,479.00","1,477.45","1,504.69","1,700.00",831.25,"9,02,419","1,35,78,60,097.25","54,541"
22-Aug-24,EQ,"1,450.00","1,477.40","1,442.95","1,439.95","1,453.50","1,454.95","1,458.85","1,700.00",831.25,"1,25,448","18,30,09,846.40","14,882"
21-Aug-24,EQ,"1,456.60","1,487.75","1,438.50","1,462.10","1,440.00","1,439.95","1,456.09","1,700.00",831.25,"1,40,553","20,46,57,642.00","16,757"
20-Aug-24,EQ,"1,473.00","1,490.00","1,456.00","1,447.85","1,464.00","1,462.10","1,471.03","1,700.00",831.25,"2,19,060","32,22,43,735.55","17,244"
19-Aug-24,EQ,"1,456.00","1,464.80","1,425.00","1,465.25","1,449.00","1,447.85","1,439.36","1,700.00",831.25,"1,60,994","23,17,28,651.45","15,368"
16-Aug-24,EQ,"1,480.00","1,508.80","1,452.60","1,477.85","1,465.05","1,465.25","1,468.57","1,700.00",831.25,"1,73,702","25,50,94,057.60","15,903"
14-Aug-24,EQ,"1,447.95","1,490.00","1,420.25","1,437.90","1,478.00","1,477.85","1,460.84","1,700.00",831.25,"1,69,236","24,72,26,011.75","17,596"
13-Aug-24,EQ,"1,457.60","1,467.00","1,428.15","1,457.60","1,438.00","1,437.90","1,444.83","1,700.00",831.25,"84,040","12,14,23,868.45","10,734"
12-Aug-24,EQ,"1,490.00","1,492.00","1,450.05","1,490.60","1,460.90","1,457.60","1,468.54","1,700.00",831.25,"97,668","14,34,29,349.40","12,346"
09-Aug-24,EQ,"1,520.00","1,520.00","1,486.05","1,497.30","1,492.00","1,490.60","1,495.86","1,700.00",831.25,"77,981","11,66,48,399.35","13,377"
08-Aug-24,EQ,"1,493.50","1,510.80","1,485.50","1,493.50","1,498.00","1,497.30","1,499.32","1,700.00",831.25,"1,07,762","16,15,69,339.70","19,218"
07-Aug-24,EQ,"1,488.55","1,505.00","1,454.50","1,479.95","1,487.90","1,493.50","1,476.31","1,700.00",831.25,"1,77,772","26,24,46,921.40","23,934"
06-Aug-24,EQ,"1,459.00","1,520.00","1,458.00","1,455.90","1,475.00","1,479.95","1,492.56","1,700.00",831.25,"1,31,553","19,63,51,043.85","22,612"
05-Aug-24,EQ,"1,522.00","1,522.00","1,444.20","1,533.40","1,455.00","1,455.90","1,471.25","1,700.00",831.25,"1,99,674","29,37,70,103.90","31,174"
02-Aug-24,EQ,"1,512.00","1,540.00","1,498.90","1,524.15","1,522.75","1,533.40","1,525.20","1,700.00",831.25,"1,05,085","16,02,75,666.40","15,022"
01-Aug-24,EQ,"1,540.00","1,548.85","1,516.00","1,533.15","1,520.00","1,524.15","1,525.96","1,700.00",831.25,"1,58,329","24,16,03,611.05","18,381"
31-Jul-24,EQ,"1,599.90","1,605.00","1,525.00","1,578.40","1,532.00","1,533.15","1,540.52","1,700.00",831.25,"3,47,126","53,47,54,404.75","40,401"
30-Jul-24,EQ,"1,591.95","1,609.45","1,569.15","1,580.75","1,580.00","1,578.40","1,588.37","1,700.00",831.25,"86,276","13,70,38,256.50","11,143"
29-Jul-24,EQ,"1,570.95","1,611.00","1,569.00","1,561.00","1,588.00","1,580.75","1,592.03","1,700.00",831.25,"1,34,393","21,39,57,697.00","17,492"
26-Jul-24,EQ,"1,539.90","1,569.80","1,530.40","1,531.45","1,553.35","1,561.00","1,553.64","1,700.00",831.25,"83,901","13,03,51,698.45","11,432"
25-Jul-24,EQ,"1,538.70","1,545.00","1,514.25","1,538.70","1,530.00","1,531.45","1,526.57","1,700.00",831.25,"70,101","10,70,13,756.00","8,206"
24-Jul-24,EQ,"1,518.70","1,553.50","1,504.95","1,502.90","1,535.30","1,538.70","1,536.48","1,700.00",831.25,"61,169","9,39,84,943.80","10,316"
23-Jul-24,EQ,"1,552.00","1,558.45","1,441.15","1,540.60","1,511.90","1,502.90","1,510.11","1,700.00",831.25,"1,77,379","26,78,62,167.25","20,396"
22-Jul-24,EQ,"1,537.20","1,565.40","1,514.00","1,537.25","1,545.95","1,540.60","1,543.85","1,700.00",831.25,"79,004","12,19,70,397.35","11,384"
19-Jul-24,EQ,"1,573.25","1,587.95","1,521.00","1,572.70","1,541.00","1,537.25","1,545.00","1,700.00",831.25,"1,95,178","30,15,50,710.50","22,562"
18-Jul-24,EQ,"1,665.60","1,667.40","1,564.30","1,656.45","1,570.00","1,572.70","1,589.46","1,700.00",831.25,"3,04,840","48,45,31,728.80","23,881"
16-Jul-24,EQ,"1,602.80","1,674.90","1,591.95","1,602.85","1,664.00","1,656.45","1,654.58","1,700.00",831.25,"4,07,222","67,37,83,376.75","41,272"
15-Jul-24,EQ,"1,588.80","1,625.50","1,555.05","1,583.65","1,603.00","1,602.85","1,600.73","1,700.00",831.25,"1,58,780","25,41,63,662.70","19,616"
12-Jul-24,EQ,"1,625.40","1,650.00","1,578.00","1,618.30","1,587.75","1,583.65","1,612.36","1,700.00",804.7,"1,29,540","20,88,65,283.55","14,473"
11-Jul-24,EQ,"1,608.85","1,675.00","1,589.35","1,593.30","1,624.00","1,618.30","1,630.95","1,700.00",804.7,"2,39,517","39,06,40,577.20","26,236"
10-Jul-24,EQ,"1,618.00","1,622.90","1,556.00","1,601.15","1,585.20","1,593.30","1,588.27","1,700.00",804.7,"2,12,661","33,77,62,502.85","32,928"
09-Jul-24,EQ,"1,647.00","1,656.00","1,585.00","1,635.60","1,602.25","1,601.15","1,610.39","1,700.00",804.7,"1,99,711","32,16,13,090.50","18,114"
08-Jul-24,EQ,"1,666.50","1,683.35","1,621.00","1,666.50","1,639.95","1,635.60","1,647.64","1,700.00",804.7,"1,17,478","19,35,61,414.50","16,512"
05-Jul-24,EQ,"1,649.95","1,684.45","1,646.20","1,640.60","1,669.00","1,666.50","1,666.30","1,700.00",804.65,"1,17,173","19,52,44,901.25","14,730"
04-Jul-24,EQ,"1,659.95","1,697.95","1,633.90","1,660.95","1,647.65","1,640.60","1,661.20","1,700.00",804.65,"1,47,534","24,50,83,284.35","13,964"
03-Jul-24,EQ,"1,644.80","1,676.95","1,644.80","1,644.80","1,652.00","1,660.95","1,661.59","1,700.00",804.65,"1,14,065","18,95,28,702.50","11,620"
02-Jul-24,EQ,"1,645.00","1,665.00","1,614.95","1,643.65","1,643.10","1,644.80","1,646.14","1,700.00",804.65,"85,287","14,03,93,998.10","7,186"
01-Jul-24,EQ,"1,582.85","1,659.40","1,560.05","1,559.40","1,633.00","1,643.65","1,616.01","1,700.00",804.65,"1,64,844","26,63,89,290.95","13,154"
28-Jun-24,EQ,"1,587.90","1,599.50","1,551.05","1,573.50","1,555.00","1,559.40","1,572.20","1,700.00",780.5,"1,10,326","17,34,54,952.85","13,443"
27-Jun-24,EQ,"1,608.60","1,624.90","1,565.00","1,607.75","1,572.50","1,573.50","1,584.74","1,700.00",780.5,"1,42,189","22,53,32,694.10","14,368"
26-Jun-24,EQ,"1,640.00","1,657.20","1,597.00","1,641.70","1,606.00","1,607.75","1,626.35","1,700.00",780.5,"1,39,343","22,66,20,663.60","14,595"
25-Jun-24,EQ,"1,623.00","1,700.00","1,620.30","1,611.75","1,638.00","1,641.70","1,659.98","1,700.00",780.5,"3,95,728","65,68,98,901.80","23,066"
24-Jun-24,EQ,"1,561.50","1,635.00","1,545.40","1,568.40","1,615.00","1,611.75","1,596.66","1,635.00",780.5,"2,38,390","38,06,28,278.70","17,111"
21-Jun-24,EQ,"1,584.95","1,620.00","1,540.00","1,570.45","1,550.00","1,568.40","1,590.13","1,629.95",780.5,"3,40,397","54,12,73,992.20","18,332"
20-Jun-24,EQ,"1,554.95","1,575.00","1,510.05","1,565.85","1,563.00","1,570.45","1,545.78","1,629.95",780.5,"2,50,009","38,64,59,514.80","19,266"
19-Jun-24,EQ,"1,580.00","1,601.00","1,550.00","1,574.25","1,560.00","1,565.85","1,567.47","1,629.95",780.5,"1,19,093","18,66,74,802.80","8,205"
18-Jun-24,EQ,"1,608.00","1,623.25","1,552.00","1,594.55","1,574.00","1,574.25","1,581.23","1,629.95",780.5,"1,69,268","26,76,51,341.45","11,763"
14-Jun-24,EQ,"1,578.70","1,629.95","1,568.00","1,566.70","1,595.00","1,594.55","1,604.06","1,629.95",780.5,"2,91,500","46,75,82,203.65","18,715"
13-Jun-24,EQ,"1,557.05","1,575.00","1,546.00","1,556.35","1,562.95","1,566.70","1,561.85","1,595.00",780.5,"1,83,667","28,68,60,047.90","15,471"
12-Jun-24,EQ,"1,569.45","1,595.00","1,537.50","1,557.50","1,560.00","1,556.35","1,564.35","1,595.00",780.5,"2,72,831","42,68,02,487.60","18,475"
11-Jun-24,EQ,"1,549.00","1,584.70","1,525.00","1,560.80","1,553.00","1,557.50","1,562.85","1,586.70",780.5,"5,45,139","85,19,69,719.70","21,305"
10-Jun-24,EQ,"1,502.50","1,586.70","1,471.95","1,473.80","1,528.00","1,560.80","1,528.89","1,586.70",780.5,"6,84,489","1,04,65,06,093.90","33,195"
07-Jun-24,EQ,"1,532.00","1,532.00","1,460.70","1,519.30","1,482.45","1,473.80","1,479.71","1,541.85",777,"4,86,803","72,03,25,159.70","35,731"
06-Jun-24,EQ,"1,409.80","1,541.85","1,409.80","1,399.25","1,515.00","1,519.30","1,501.39","1,541.85",777,"6,46,976","97,13,60,212.70","54,822"
05-Jun-24,EQ,"1,370.00","1,405.00","1,300.05","1,366.30","1,383.50","1,399.25","1,369.43","1,506.90",777,"2,06,771","28,31,59,336.75","10,216"
04-Jun-24,EQ,"1,468.50","1,470.00","1,330.00","1,468.50","1,345.00","1,366.30","1,381.35","1,506.90",777,"3,23,229","44,64,93,265.15","17,908"
03-Jun-24,EQ,"1,500.00","1,500.00","1,430.00","1,435.40","1,469.00","1,468.50","1,459.25","1,506.90",777,"3,38,800","49,43,94,205.35","14,470"
31-May-24,EQ,"1,450.10","1,466.00","1,420.10","1,462.40","1,440.00","1,435.40","1,438.75","1,506.90",774.05,"2,76,460","39,77,55,479.95","14,345"
30-May-24,EQ,"1,482.00","1,500.00","1,444.35","1,485.40","1,460.00","1,462.40","1,466.77","1,506.90",774.05,"4,09,266","60,02,99,962.05","13,491"
29-May-24,EQ,"1,419.05","1,500.00","1,394.95","1,432.95","1,482.00","1,485.40","1,466.92","1,506.90",774.05,"13,75,034","2,01,70,59,184.25","61,084"
28-May-24,EQ,"1,480.00","1,481.30","1,408.15","1,455.95","1,430.75","1,432.95","1,436.09","1,506.90",774.05,"21,16,089","3,03,88,98,876.00","80,591"
27-May-24,EQ,"1,308.30","1,506.90","1,290.00","1,282.60","1,485.30","1,455.95","1,404.70","1,506.90",774.05,"71,20,327","10,00,19,36,805.40","2,38,252"
24-May-24,EQ,"1,165.00","1,363.30","1,164.00","1,144.05","1,283.75","1,282.60","1,299.23","1,363.30",774.05,"76,51,639","9,94,12,76,313.60","2,17,716"
23-May-24,EQ,"1,184.95","1,216.90","1,116.00","1,159.60","1,160.00","1,144.05","1,163.08","1,219.00",774.05,"10,19,354","1,18,55,90,733.80","51,185"
22-May-24,EQ,"1,059.05","1,172.00","1,040.45","1,058.20","1,172.00","1,159.60","1,138.72","1,219.00",774.05,"30,86,420","3,51,45,55,066.45","1,09,113"
21-May-24,EQ,"1,050.00","1,069.00","1,037.00","1,054.35","1,056.70","1,058.20","1,057.18","1,219.00",774.05,"1,67,181","17,67,40,165.90","17,599"
18-May-24,EQ,"1,062.00","1,065.00","1,044.90","1,055.40","1,054.00","1,054.35","1,055.86","1,219.00",774.05,"14,572","1,53,85,985.70","1,532"
17-May-24,EQ,"1,045.00","1,070.45","1,044.85","1,039.70","1,056.55","1,055.40","1,060.38","1,219.00",774.05,"3,13,159","33,20,66,461.70","25,602"
16-May-24,EQ,"1,049.75","1,054.40","1,035.35","1,046.40","1,038.25","1,039.70","1,045.29","1,219.00",774.05,"73,137","7,64,49,261.50","11,291"
15-May-24,EQ,"1,029.80","1,084.40","1,027.35","1,022.45","1,049.00","1,046.40","1,060.82","1,219.00",774.05,"5,36,017","56,86,17,804.25","36,025"
14-May-24,EQ,"1,022.05","1,031.00","1,017.05","1,022.55","1,023.90","1,022.45","1,024.52","1,219.00",774.05,"1,14,127","11,69,25,718.65","13,409"
13-May-24,EQ,"1,020.10","1,034.05",994.15,"1,027.65","1,020.50","1,022.55","1,012.63","1,219.00",774.05,"1,91,540","19,39,58,908.20","18,839"
10-May-24,EQ,"1,019.00","1,038.00","1,005.30","1,014.50","1,025.00","1,027.65","1,020.69","1,219.00",774.05,"5,55,487","56,69,78,254.05","27,197"
09-May-24,EQ,"1,051.05","1,060.00","1,007.10","1,057.30","1,019.75","1,014.50","1,039.40","1,219.00",774.05,"2,54,152","26,41,64,843.30","11,171"
08-May-24,EQ,"1,042.00","1,069.50","1,034.30","1,062.50","1,047.25","1,057.30","1,058.70","1,219.00",774.05,"1,76,752","18,71,27,266.50","20,486"
07-May-24,EQ,"1,039.85","1,070.00","1,013.00","1,032.10","1,049.95","1,062.50","1,042.79","1,219.00",774.05,"2,62,457","27,36,86,538.15","25,217"
06-May-24,EQ,"1,054.00","1,056.00","1,028.00","1,048.35","1,032.00","1,032.10","1,036.59","1,219.00",774.05,"1,21,116","12,55,47,247.80","12,048"
03-May-24,EQ,"1,066.00","1,082.00","1,044.65","1,066.00","1,049.00","1,048.35","1,067.02","1,219.00",774.05,"2,87,131","30,63,73,869.05","22,907"
02-May-24,EQ,"1,070.75","1,077.00","1,041.00","1,053.25","1,064.00","1,066.00","1,060.14","1,219.00",774.05,"2,51,084","26,61,83,518.50","28,516"
30-Apr-24,EQ,"1,043.65","1,070.00","1,027.80","1,035.05","1,051.90","1,053.25","1,053.88","1,219.00",774.05,"3,79,212","39,96,44,001.75","36,716"
29-Apr-24,EQ,"1,004.40","1,044.80","1,004.05","1,004.40","1,038.00","1,035.05","1,032.66","1,219.00",774.05,"3,20,610","33,10,81,469.30","27,996"
26-Apr-24,EQ,"1,018.00","1,026.60","1,001.20","1,012.30","1,005.00","1,004.40","1,010.45","1,219.00",774.05,"1,24,596","12,58,97,898.65","14,185"
25-Apr-24,EQ,"1,017.35","1,021.00","1,003.45","1,011.80","1,014.00","1,012.30","1,012.92","1,219.00",774.05,"89,727","9,08,86,404.95","9,768"
24-Apr-24,EQ,"1,010.40","1,032.00","1,006.05","1,008.20","1,010.00","1,011.80","1,020.43","1,219.00",774.05,"1,97,337","20,13,69,496.80","18,991"
23-Apr-24,EQ,980.05,"1,017.00",966.3,978.1,"1,006.00","1,008.20",984.65,"1,219.00",774.05,"5,07,939","50,01,42,494.25","25,232"
22-Apr-24,EQ,977,984.7,970.25,970.45,978,978.1,976.88,"1,219.00",774.05,"72,346","7,06,73,046.30","7,517"
19-Apr-24,EQ,970,979,965.4,984.45,968,970.45,972.64,"1,219.00",774.05,"82,339","8,00,85,933.80","8,789"
18-Apr-24,EQ,984,"1,005.60",981.05,984,986.5,984.45,993.78,"1,219.00",774.05,"1,17,369","11,66,39,159.15","13,065"
16-Apr-24,EQ,984,994.05,980,985.55,980.25,984,986.7,"1,219.00",774.05,"1,19,470","11,78,80,603.70","10,264"
15-Apr-24,EQ,981.7,992.1,960.6,"1,000.35",985,985.55,979.16,"1,219.00",774.05,"1,42,091","13,91,30,285.75","13,760"
12-Apr-24,EQ,"1,000.00","1,004.00",989.1,"1,001.45","1,001.50","1,000.35",997.47,"1,219.00",774.05,"1,94,366","19,38,73,501.60","14,151"
10-Apr-24,EQ,"1,000.95","1,004.90",989.1,996.9,"1,000.00","1,001.45",999.9,"1,219.00",774.05,"1,02,218","10,22,07,371.80","9,652"
09-Apr-24,EQ,"1,004.45","1,008.65",987.1,"1,004.90",998,996.9,996.16,"1,219.00",774.05,"1,14,521","11,40,81,526.85","14,094"
08-Apr-24,EQ,995,"1,022.00",988.1,991.05,"1,004.40","1,004.90","1,008.01","1,219.00",774.05,"2,85,213","28,74,98,746.65","18,946"
05-Apr-24,EQ,"1,000.50","1,008.20",987,"1,012.65",993.5,991.05,994.85,"1,219.00",774.05,"2,98,354","29,68,16,537.15","17,607"
04-Apr-24,EQ,"1,023.00","1,045.75",994.25,"1,014.90","1,003.00","1,012.65","1,027.72","1,219.00",774.05,"5,62,222","57,78,06,853.85","40,195"
03-Apr-24,EQ,977.5,"1,018.00",976.05,977.8,"1,009.10","1,014.90","1,006.21","1,219.00",774.05,"3,06,250","30,81,51,373.30","17,453"
02-Apr-24,EQ,979.6,984.6,973.45,977,976,977.8,977.56,"1,219.00",774.05,"1,85,352","18,11,91,932.40","15,018"
01-Apr-24,EQ,"1,003.00","1,014.00",969,"1,001.00",974,977,990.41,"1,219.00",774.05,"2,89,253","28,64,79,547.45","20,569"
28-Mar-24,EQ,969,"1,005.00",961.8,974.5,999,"1,001.00",983.88,"1,219.00",762,"3,44,769","33,92,12,871.80","18,092"
27-Mar-24,EQ,975.95,"1,008.90",952.65,967.35,971.45,974.5,976.66,"1,219.00",762,"7,27,965","71,09,76,349.15","39,553"
26-Mar-24,EQ,889.8,978.75,889.8,889.8,974,967.35,947.4,"1,219.00",762,"21,55,118","2,04,17,69,218.25","79,859"
22-Mar-24,EQ,889.9,892.85,875.5,886.55,892.85,889.8,882.78,"1,219.00",762,"2,19,678","19,39,26,433.95","25,235"
21-Mar-24,EQ,891.75,905,882.35,885.1,887.5,886.55,892.75,"1,219.00",762,"4,13,216","36,88,96,726.10","26,835"
20-Mar-24,EQ,884.5,889.5,864.45,884,888,885.1,877.61,"1,219.00",762,"1,92,333","16,87,93,615.95","14,831"
19-Mar-24,EQ,879.95,910.65,871,877.1,880,884,885.69,"1,219.00",762,"5,05,706","44,78,98,478.50","31,584"
18-Mar-24,EQ,877.95,886.3,854,877.95,876.4,877.1,869.89,"1,219.00",762,"1,92,802","16,77,15,886.15","19,377"
15-Mar-24,EQ,841,897.85,832.8,838.8,874.55,877.95,868.54,"1,219.00",740.5,"13,42,404","1,16,59,36,875.85","68,932"
14-Mar-24,EQ,844.1,859.5,831.25,844.1,839.95,838.8,845.93,"1,219.00",740.5,"3,88,983","32,90,53,347.30","32,982"
13-Mar-24,EQ,884.25,885,833.3,883.55,839,844.1,849.88,"1,219.00",740.5,"4,69,662","39,91,58,165.40","35,714"
12-Mar-24,EQ,894.5,901.8,877.05,892.4,880.25,883.55,886.13,"1,219.00",740.5,"2,01,692","17,87,25,525.60","28,100"
11-Mar-24,EQ,905.2,916,888.85,906.4,890,892.4,899.17,"1,219.00",740.5,"1,71,023","15,37,79,253.25","15,724"
07-Mar-24,EQ,925.5,933.4,901.05,923.6,910.9,906.4,919.26,"1,219.00",740.5,"3,59,953","33,08,88,791.20","18,076"
06-Mar-24,EQ,940.95,942.2,917.1,936.7,928,923.6,926.15,"1,219.00",740.5,"1,67,148","15,48,04,690.75","20,539"
05-Mar-24,EQ,950,954.65,924.25,955.75,940,936.7,933.76,"1,219.00",740.5,"1,78,214","16,64,08,650.40","17,380"
04-Mar-24,EQ,961,969.6,942,958.45,954,955.75,952.11,"1,219.00",740.5,"1,63,116","15,53,04,197.95","16,230"
02-Mar-24,EQ,915.05,960,915.05,914.85,959,958.45,953,"1,219.00",690.55,"65,935","6,28,36,343.20","4,135"
01-Mar-24,EQ,927.85,928,907.5,920.8,919.85,914.85,913.36,"1,219.00",690.55,"2,92,596","26,72,44,220.05","25,937"
29-Feb-24,EQ,945.4,952.2,915.35,945.4,927,920.8,924.57,"1,219.00",690.55,"2,13,014","19,69,46,043.45","17,590"
28-Feb-24,EQ,953.35,959,941.8,953.4,945,945.4,951.87,"1,219.00",690.55,"2,88,962","27,50,53,723.75","8,969"
27-Feb-24,EQ,968.1,974.4,943.55,968.1,958,953.4,955.61,"1,219.00",690.55,"1,96,451","18,77,29,798.85","14,402"
26-Feb-24,EQ,987.95,989.3,966,980.8,967,968.1,973.44,"1,219.00",690.55,"1,07,123","10,42,77,721.05","10,877"
23-Feb-24,EQ,994.9,"1,006.00",978.3,982.2,983.7,980.8,983.55,"1,219.00",648.5,"1,50,447","14,79,72,468.05","17,021"
22-Feb-24,EQ,990,990,978,988.05,982.85,982.2,983.02,"1,219.00",648.5,"86,122","8,46,59,910.10","10,760"
21-Feb-24,EQ,999.45,999.5,982.3,993.5,992,988.05,990.77,"1,219.00",648.5,"96,726","9,58,32,767.30","8,671"
20-Feb-24,EQ,998,"1,004.45",991,997.35,991.4,993.5,997.73,"1,219.00",648.5,"1,29,275","12,89,81,804.55","9,579"
19-Feb-24,EQ,"1,000.25","1,006.20",991.95,999.05,999,997.35,998.29,"1,219.00",648.5,"1,32,930","13,27,03,259.15","9,500"
16-Feb-24,EQ,"1,014.70","1,020.00",994.05,"1,002.80",997.5,999.05,"1,001.61","1,219.00",557.9,"1,49,777","15,00,18,554.30","17,652"
15-Feb-24,EQ,"1,019.90","1,024.00",995.2,"1,003.55","1,001.00","1,002.80","1,005.51","1,219.00",557.9,"2,07,133","20,82,73,917.70","21,042"
14-Feb-24,EQ,"1,010.05","1,010.05",992,"1,009.90",998.55,"1,003.55","1,000.12","1,219.00",557.9,"1,16,292","11,63,05,676.05","10,386"
13-Feb-24,EQ,996.8,"1,014.00",982.05,996.8,"1,005.00","1,009.90","1,003.28","1,219.00",557.9,"2,69,826","27,07,11,179.50","25,234"
12-Feb-24,EQ,"1,059.05","1,069.95",987,"1,058.45",999.9,996.8,"1,016.27","1,219.00",557.9,"2,44,465","24,84,41,399.05","25,556"
09-Feb-24,EQ,"1,137.00","1,137.20","1,052.00","1,137.00","1,059.05","1,058.45","1,080.69","1,219.00",535,"3,13,621","33,89,25,723.40","24,786"
08-Feb-24,EQ,"1,140.00","1,150.00","1,102.05","1,130.60","1,130.00","1,137.00","1,124.26","1,219.00",535,"2,80,446","31,52,93,920.10","24,585"
07-Feb-24,EQ,"1,125.00","1,183.00","1,117.85","1,102.80","1,125.00","1,130.60","1,153.36","1,219.00",535,"8,97,307","1,03,49,14,893.20","55,601"
06-Feb-24,EQ,"1,080.00","1,134.05","1,079.00","1,078.80","1,099.30","1,102.80","1,110.33","1,219.00",535,"2,89,603","32,15,55,818.20","24,719"
05-Feb-24,EQ,"1,064.00","1,091.45","1,064.00","1,064.70","1,080.00","1,078.80","1,080.96","1,219.00",535,"1,94,770","21,05,39,531.90","17,569"
02-Feb-24,EQ,"1,092.10","1,095.80","1,054.90","1,092.10","1,063.90","1,064.70","1,073.94","1,219.00",525.35,"1,43,010","15,35,83,636.50","15,428"
01-Feb-24,EQ,"1,103.95","1,107.45","1,070.50","1,100.20","1,088.80","1,092.10","1,088.58","1,219.00",525.35,"1,43,517","15,62,30,059.95","15,773"
31-Jan-24,EQ,"1,089.65","1,103.60","1,087.00","1,087.20","1,091.00","1,100.20","1,097.34","1,219.00",525.35,"1,76,323","19,34,85,529.05","15,643"
30-Jan-24,EQ,"1,107.00","1,113.65","1,074.40","1,105.40","1,089.00","1,087.20","1,089.92","1,219.00",525.35,"2,09,530","22,83,70,425.85","22,928"
29-Jan-24,EQ,"1,117.00","1,120.00","1,095.55","1,106.80","1,106.00","1,105.40","1,107.26","1,219.00",525.35,"2,20,596","24,42,56,158.55","21,423"
25-Jan-24,EQ,"1,088.95","1,124.00","1,080.65","1,084.30","1,100.00","1,106.80","1,108.75","1,219.00",525.35,"4,51,277","50,03,52,534.25","38,880"
24-Jan-24,EQ,"1,080.05","1,090.00","1,061.05","1,080.05","1,076.90","1,084.30","1,078.32","1,219.00",525.35,"1,71,092","18,44,92,407.85","20,627"
23-Jan-24,EQ,"1,100.00","1,104.30","1,068.80","1,091.65","1,081.00","1,080.05","1,082.49","1,219.00",525.35,"2,34,135","25,34,49,496.25","24,666"
20-Jan-24,EQ,"1,067.00","1,098.05","1,051.00","1,065.70","1,080.00","1,091.65","1,078.10","1,219.00",525.35,"1,62,622","17,53,22,566.25","11,539"
19-Jan-24,EQ,"1,068.35","1,073.40","1,056.85","1,059.85","1,066.55","1,065.70","1,065.49","1,219.00",525.35,"88,929","9,47,52,818.05","10,735"
18-Jan-24,EQ,"1,062.15","1,075.00","1,041.05","1,057.20","1,067.00","1,059.85","1,058.89","1,219.00",525.35,"1,64,170","17,38,38,356.40","17,234"
17-Jan-24,EQ,"1,044.95","1,065.00","1,044.00","1,053.10","1,057.80","1,057.20","1,055.65","1,219.00",525.35,"1,38,468","14,61,74,047.20","14,633"
16-Jan-24,EQ,"1,072.50","1,087.70","1,032.20","1,068.05","1,036.00","1,053.10","1,061.61","1,219.00",525.35,"2,14,096","22,72,85,987.95","21,982"
15-Jan-24,EQ,"1,067.90","1,097.40","1,062.20","1,054.30","1,065.00","1,068.05","1,075.18","1,219.00",525.35,"3,18,028","34,19,36,891.60","27,793"
12-Jan-24,EQ,"1,055.00","1,078.30","1,048.95","1,045.75","1,060.00","1,054.30","1,063.79","1,219.00",524.75,"2,56,639","27,30,09,970.80","24,598"
11-Jan-24,EQ,"1,037.00","1,064.45","1,031.00","1,041.85","1,044.70","1,045.75","1,042.78","1,219.00",524.75,"3,04,479","31,75,03,870.85","19,345"
10-Jan-24,EQ,"1,040.00","1,044.45","1,025.10","1,036.40","1,030.50","1,041.85","1,034.50","1,219.00",524.75,"2,38,436","24,66,61,684.95","12,134"
09-Jan-24,EQ,"1,033.10","1,040.25","1,021.05","1,032.35","1,039.80","1,036.40","1,030.61","1,219.00",524.75,"1,45,044","14,94,83,768.95","12,937"
08-Jan-24,EQ,"1,042.00","1,050.00","1,027.05","1,044.15","1,031.00","1,032.35","1,033.65","1,219.00",524.75,"1,07,095","11,06,99,143.80","10,852"
05-Jan-24,EQ,"1,040.90","1,048.00","1,029.85","1,028.75","1,042.00","1,044.15","1,039.98","1,219.00",524.75,"1,67,885","17,45,96,927.00","13,212"
04-Jan-24,EQ,"1,045.95","1,051.00","1,025.00","1,040.35","1,032.00","1,028.75","1,037.51","1,219.00",524.75,"1,64,434","17,06,01,575.90","9,982"
03-Jan-24,EQ,"1,047.00","1,054.00","1,026.60","1,041.30","1,036.00","1,040.35","1,040.76","1,219.00",524.75,"1,42,552","14,83,62,089.10","11,095"
02-Jan-24,EQ,"1,055.00","1,055.00","1,039.00","1,051.60","1,044.50","1,041.30","1,044.73","1,219.00",524.75,"1,98,769","20,76,60,651.90","12,334"
01-Jan-24,EQ,"1,055.00","1,087.90","1,048.05","1,069.15","1,054.00","1,051.60","1,064.41","1,219.00",524.75,"2,51,346","26,75,34,081.50","17,714"
29-Dec-23,EQ,"1,055.00","1,071.00","1,045.00","1,061.00","1,070.00","1,069.15","1,059.61","1,219.00",496.5,"3,32,110","35,19,07,929.85","13,611"
28-Dec-23,EQ,"1,071.65","1,078.00","1,044.00","1,065.75","1,054.00","1,061.00","1,064.77","1,219.00",496.5,"2,06,051","21,93,96,655.85","16,604"
27-Dec-23,EQ,"1,076.20","1,076.20","1,050.00","1,064.00","1,073.35","1,065.75","1,062.31","1,219.00",496.5,"1,71,189","18,18,55,291.65","13,026"
26-Dec-23,EQ,"1,062.45","1,071.20","1,040.00","1,053.55","1,065.00","1,064.00","1,054.29","1,219.00",496.5,"2,08,243","21,95,49,032.10","14,832"
22-Dec-23,EQ,"1,061.50","1,079.00","1,040.00","1,053.80","1,054.00","1,053.55","1,060.20","1,219.00",491.15,"1,66,378","17,63,93,509.65","14,938"
21-Dec-23,EQ,"1,050.00","1,074.15","1,020.10","1,067.80","1,055.90","1,053.80","1,051.91","1,219.00",491.15,"3,32,005","34,92,40,904.05","24,925"
20-Dec-23,EQ,"1,139.00","1,141.65","1,040.00","1,133.45","1,060.80","1,067.80","1,095.96","1,219.00",491.15,"5,45,833","59,82,08,608.70","27,876"
19-Dec-23,EQ,"1,150.00","1,151.15","1,128.00","1,144.10","1,135.00","1,133.45","1,137.28","1,219.00",491.15,"2,26,455","25,75,41,651.45","16,021"
18-Dec-23,EQ,"1,127.00","1,157.95","1,111.00","1,125.60","1,144.90","1,144.10","1,141.65","1,219.00",491.15,"3,78,315","43,19,04,097.70","20,276"
15-Dec-23,EQ,"1,130.00","1,143.95","1,111.00","1,121.80","1,127.00","1,125.60","1,126.57","1,219.00",491.15,"4,81,923","54,29,20,710.10","23,357"
14-Dec-23,EQ,"1,104.55","1,127.00","1,091.05","1,098.20","1,121.20","1,121.80","1,112.35","1,219.00",491.15,"5,31,906","59,16,66,194.65","24,477"
13-Dec-23,EQ,"1,085.85","1,104.00","1,062.40","1,094.65","1,100.30","1,098.20","1,082.82","1,219.00",491.15,"4,31,066","46,67,66,744.15","24,734"
12-Dec-23,EQ,"1,075.00","1,107.00","1,068.50","1,069.35","1,094.75","1,094.65","1,093.97","1,219.00",491.15,"7,16,145","78,34,37,635.20","35,239"
11-Dec-23,EQ,"1,035.30","1,072.70","1,035.00","1,032.15","1,066.75","1,069.35","1,057.44","1,219.00",491.15,"5,82,460","61,59,15,461.25","27,293"
08-Dec-23,EQ,"1,054.00","1,060.00","1,028.00","1,044.45","1,031.00","1,032.15","1,038.90","1,219.00",491.15,"1,84,917","19,21,11,032.45","13,524"
07-Dec-23,EQ,"1,050.80","1,052.25","1,023.80","1,050.80","1,045.00","1,044.45","1,035.16","1,219.00",491.15,"2,31,965","24,01,21,833.35","15,464"
06-Dec-23,EQ,"1,045.00","1,055.95","1,036.05","1,045.10","1,051.00","1,050.80","1,049.51","1,219.00",491.15,"3,32,990","34,94,76,285.45","17,758"
05-Dec-23,EQ,"1,028.05","1,052.95","1,013.50","1,018.00","1,045.00","1,045.10","1,031.35","1,219.00",491.15,"5,72,358","59,03,02,851.80","41,524"
04-Dec-23,EQ,"1,060.00","1,069.00","1,011.00","1,024.45","1,016.00","1,018.00","1,030.52","1,219.00",491.15,"14,12,302","1,45,54,01,324.85","51,902"
01-Dec-23,EQ,978,"1,032.50",972,966.4,"1,031.90","1,024.45","1,006.93","1,219.00",491.15,"9,69,408","97,61,30,810.80","45,922"
30-Nov-23,EQ,965,985.85,954,958.95,968,966.4,973.73,"1,219.00",491.15,"7,57,134","73,72,42,090.10","31,398"
29-Nov-23,EQ,958,962.1,947,947.85,958.5,958.95,955.24,"1,219.00",491.15,"3,61,763","34,55,70,384.45","16,358"
28-Nov-23,EQ,936,952.8,928.6,924.5,948,947.85,944.5,"1,219.00",491.15,"6,43,808","60,80,78,983.25","25,966"
24-Nov-23,EQ,916,928.45,914,915.2,921,924.5,923.24,"1,219.00",491.15,"2,32,280","21,44,51,100.75","11,249"
23-Nov-23,EQ,905,921,905,901.35,915,915.2,914.37,"1,219.00",491.15,"2,54,329","23,25,50,754.10","12,015"
22-Nov-23,EQ,918,922.45,900,926.1,902.3,901.35,905.99,"1,219.00",491.15,"5,31,659","48,16,77,091.35","22,222"
21-Nov-23,EQ,915.4,935.05,915.4,915.4,926.5,926.1,926.02,"1,219.00",491.15,"3,77,690","34,97,47,148.00","15,584"
20-Nov-23,EQ,915.65,925.75,909,915.65,916,915.4,915.24,"1,219.00",491.15,"3,07,225","28,11,85,541.80","13,942"
17-Nov-23,EQ,914.5,920.9,905.25,915,915.85,915.65,913.76,"1,219.00",491.15,"3,03,088","27,69,50,017.05","15,496"
16-Nov-23,EQ,911.65,920.5,896.45,907.25,910.75,915,909.47,"1,219.00",491.15,"4,57,522","41,61,01,200.10","19,007"
15-Nov-23,EQ,934.4,934.4,905.35,922.35,909,907.25,911.8,"1,219.00",491.15,"3,81,806","34,81,30,899.20","20,519"
13-Nov-23,EQ,934.3,934.3,915.05,933.15,920.35,922.35,921.29,"1,219.00",491.15,"2,43,702","22,45,19,329.55","12,927"
12-Nov-23,EQ,941,945.4,921.35,933.9,931,933.15,936.03,"1,219.00",491.15,"62,468","5,84,72,155.90","4,324"
10-Nov-23,EQ,938,940.1,917.55,940.1,931.95,933.9,928.92,"1,219.00",491.15,"5,50,951","51,17,91,917.95","24,244"
09-Nov-23,EQ,930.4,964,900.05,921.3,940,940.1,942.59,"1,219.00",491.15,"23,81,596","2,24,48,76,575.10","66,891"
08-Nov-23,EQ,914.9,934.6,910,907.95,921,921.3,921.9,"1,219.00",491.15,"5,63,389","51,93,86,422.50","29,439"
07-Nov-23,EQ,912.2,913.5,900.35,904.6,912,907.95,908.35,"1,219.00",491.15,"3,13,734","28,49,79,950.40","17,868"
