"Date ","series ","OPEN ","HIGH ","LOW ","PREV. CLOSE ","ltp ","close ","vwap ","52W H ","52W L ","VOLUME ","VALUE ","No of trades "
"07-Nov-2024","EQ","1,700.00","1,700.05","1,645.55","1,675.15","1,661.40","1,666.05","1,662.49","2,106.00","1,244.00","9,44,499","1,57,02,20,869.00","50,759"
"06-Nov-2024","EQ","1,648.00","1,684.90","1,635.15","1,633.55","1,676.95","1,675.15","1,670.57","2,106.00","1,244.00","9,80,220","1,63,75,24,507.20","47,652"
"05-Nov-2024","EQ","1,625.00","1,640.80","1,590.00","1,628.30","1,634.00","1,633.55","1,618.83","2,106.00","1,244.00","11,91,485","1,92,88,11,910.20","75,289"
"04-Nov-2024","EQ","1,652.90","1,652.90","1,606.50","1,647.30","1,627.70","1,628.30","1,622.16","2,106.00","1,244.00","8,54,857","1,38,67,12,961.30","58,966"
"01-Nov-2024","EQ","1,655.00","1,656.50","1,642.70","1,638.40","1,648.00","1,647.30","1,649.33","2,106.00","1,232.85","64,766","10,68,20,285.60","5,247"
"31-Oct-2024","EQ","1,662.50","1,679.10","1,632.60","1,662.50","1,641.00","1,638.40","1,641.06","2,106.00","1,232.85","17,87,940","2,93,41,22,886.25","90,749"
"30-Oct-2024","EQ","1,674.00","1,685.00","1,650.20","1,672.20","1,667.00","1,662.50","1,667.59","2,106.00","1,232.85","11,54,994","1,92,60,58,173.85","51,770"
"29-Oct-2024","EQ","1,677.90","1,683.05","1,646.30","1,668.40","1,675.45","1,672.20","1,665.61","2,106.00","1,232.85","10,36,926","1,72,71,17,668.75","63,240"
"28-Oct-2024","EQ","1,705.00","1,709.65","1,661.10","1,694.95","1,675.00","1,668.40","1,676.73","2,106.00","1,232.85","6,94,254","1,16,40,74,026.20","47,107"
"25-Oct-2024","EQ","1,723.50","1,730.35","1,677.10","1,723.30","1,698.65","1,694.95","1,694.79","2,106.00","1,232.85","7,20,139","1,22,04,84,774.60","62,248"
"24-Oct-2024","EQ","1,758.80","1,759.00","1,705.05","1,749.80","1,724.10","1,723.30","1,720.67","2,106.00","1,232.85","12,29,222","2,11,50,86,166.15","1,03,225"
"23-Oct-2024","EQ","1,775.00","1,776.75","1,746.50","1,770.80","1,755.00","1,749.80","1,759.14","2,106.00","1,232.85","14,57,260","2,56,35,24,720.30","54,902"
"22-Oct-2024","EQ","1,812.70","1,819.45","1,761.50","1,812.70","1,776.05","1,770.80","1,790.07","2,106.00","1,232.85","14,00,528","2,50,70,47,277.15","84,008"
"21-Oct-2024","EQ","1,855.00","1,865.00","1,801.70","1,849.70","1,814.95","1,812.70","1,816.45","2,106.00","1,232.85","9,20,339","1,67,17,46,579.05","39,975"
"18-Oct-2024","EQ","1,805.55","1,865.00","1,763.65","1,805.55","1,845.05","1,849.70","1,828.39","2,106.00","1,232.85","26,38,593","4,82,43,86,509.00","1,50,402"
"17-Oct-2024","EQ","1,945.00","1,946.05","1,785.80","1,939.30","1,789.15","1,805.55","1,840.17","2,106.00","1,232.85","31,42,978","5,78,36,29,048.10","1,14,022"
"16-Oct-2024","EQ","1,934.05","1,970.00","1,914.95","1,934.70","1,944.35","1,939.30","1,931.26","2,106.00","1,232.85","6,46,184","1,24,79,50,777.50","49,968"
"15-Oct-2024","EQ","1,951.90","1,951.90","1,921.60","1,940.25","1,932.90","1,934.70","1,933.10","2,106.00","1,232.85","4,84,293","93,61,85,112.55","59,834"
"14-Oct-2024","EQ","1,939.15","1,960.00","1,933.35","1,938.50","1,942.00","1,940.25","1,945.43","2,106.00","1,232.85","5,05,739","98,38,77,297.50","39,032"
"11-Oct-2024","EQ","1,944.45","1,947.00","1,928.50","1,938.30","1,939.15","1,938.50","1,938.25","2,106.00","1,232.85","3,29,385","63,84,29,765.55","24,082"
"10-Oct-2024","EQ","1,941.00","1,959.35","1,930.30","1,928.70","1,938.90","1,938.30","1,945.95","2,106.00","1,232.85","5,17,804","1,00,76,21,377.45","44,604"
"09-Oct-2024","EQ","1,934.10","1,971.80","1,920.30","1,948.45","1,938.90","1,928.70","1,943.98","2,106.00","1,232.85","12,81,595","2,49,13,94,556.00","70,831"
"08-Oct-2024","EQ","1,914.00","1,954.70","1,910.00","1,914.60","1,952.00","1,948.45","1,936.77","2,106.00","1,232.85","10,86,748","2,10,47,76,038.60","61,531"
"07-Oct-2024","EQ","1,944.00","1,950.00","1,900.95","1,934.45","1,918.50","1,914.60","1,922.61","2,106.00","1,232.85","7,31,944","1,40,72,40,422.25","82,144"
"04-Oct-2024","EQ","1,968.95","1,983.55","1,928.90","1,972.90","1,936.00","1,934.45","1,955.83","2,106.00","1,232.85","13,79,482","2,69,80,37,590.10","53,199"
"03-Oct-2024","EQ","1,959.00","2,009.95","1,919.55","1,999.80","1,982.45","1,972.90","1,989.85","2,106.00","1,232.85","13,27,472","2,64,14,67,800.30","82,771"
"01-Oct-2024","EQ","2,020.00","2,065.40","1,970.55","2,012.90","1,998.00","1,999.80","1,995.66","2,106.00","1,232.85","8,60,908","1,71,80,78,936.70","45,660"
"30-Sep-2024","EQ","2,035.00","2,060.00","2,007.45","2,031.30","2,020.30","2,012.90","2,027.59","2,106.00","1,232.85","7,49,912","1,52,05,13,207.85","48,931"
"27-Sep-2024","EQ","2,037.00","2,037.00","2,000.55","2,022.05","2,033.00","2,031.30","2,023.36","2,106.00","1,232.85","13,25,848","2,68,26,69,905.45","57,171"
"26-Sep-2024","EQ","2,061.60","2,061.60","1,991.85","2,061.60","2,027.90","2,022.05","2,018.97","2,106.00","1,232.85","12,27,890","2,47,90,70,584.75","56,313"
"25-Sep-2024","EQ","2,062.00","2,072.95","2,034.70","2,068.15","2,070.00","2,061.60","2,051.64","2,106.00","1,232.85","6,76,261","1,38,74,44,041.40","52,334"
"24-Sep-2024","EQ","2,087.00","2,087.00","2,054.05","2,082.40","2,075.10","2,068.15","2,069.45","2,106.00","1,232.85","10,97,815","2,27,18,71,749.20","71,527"
"23-Sep-2024","EQ","2,057.00","2,106.00","2,051.00","2,048.10","2,080.45","2,082.40","2,082.01","2,106.00","1,232.85","13,11,899","2,73,13,86,367.10","66,975"
"20-Sep-2024","EQ","2,000.00","2,058.85","1,990.00","1,998.60","2,055.00","2,048.10","2,033.87","2,058.85","1,232.85","13,60,503","2,76,70,89,272.05","74,514"
"19-Sep-2024","EQ","1,987.80","2,002.00","1,967.60","1,987.80","1,996.00","1,998.60","1,989.71","2,023.00","1,232.85","7,57,558","1,50,73,22,574.00","47,795"
"18-Sep-2024","EQ","2,008.75","2,008.75","1,977.10","2,006.55","1,980.65","1,987.80","1,990.73","2,023.00","1,232.85","4,27,477","85,09,92,262.35","30,093"
"17-Sep-2024","EQ","1,995.00","2,009.95","1,973.00","1,989.90","2,009.00","2,006.55","1,996.04","2,023.00","1,232.85","5,96,475","1,19,05,85,972.15","61,391"
"16-Sep-2024","EQ","1,987.75","2,008.95","1,984.50","1,988.05","1,995.00","1,989.90","1,993.99","2,023.00","1,232.85","3,24,013","64,60,77,668.20","20,649"
"13-Sep-2024","EQ","2,001.00","2,023.00","1,974.00","1,996.40","1,984.00","1,988.05","1,999.08","2,023.00","1,232.85","11,47,593","2,29,41,34,801.30","52,155"
"12-Sep-2024","EQ","1,975.90","2,000.95","1,970.30","1,957.60","2,000.00","1,996.40","1,986.26","2,000.95","1,232.85","18,24,365","3,62,36,61,219.90","66,431"
"11-Sep-2024","EQ","1,925.00","1,968.00","1,924.95","1,922.45","1,965.00","1,957.60","1,948.08","1,985.40","1,232.85","11,75,514","2,28,99,99,459.05","51,834"
"10-Sep-2024","EQ","1,894.10","1,942.00","1,894.10","1,892.40","1,925.00","1,922.45","1,929.18","1,985.40","1,232.85","13,35,774","2,57,69,48,408.15","76,797"
"09-Sep-2024","EQ","1,872.35","1,900.00","1,859.05","1,872.35","1,893.95","1,892.40","1,882.20","1,985.40","1,232.85","4,22,565","79,53,50,187.80","18,037"
"06-Sep-2024","EQ","1,877.10","1,888.45","1,860.20","1,879.45","1,870.50","1,872.35","1,873.06","1,985.40","1,232.85","7,88,707","1,47,72,96,648.95","38,246"
"05-Sep-2024","EQ","1,916.00","1,916.00","1,860.00","1,901.30","1,877.10","1,879.45","1,879.79","1,985.40","1,232.85","5,44,961","1,02,44,13,854.60","27,676"
"04-Sep-2024","EQ","1,897.95","1,916.00","1,878.50","1,901.95","1,902.00","1,901.30","1,901.96","1,985.40","1,232.85","5,73,554","1,09,08,76,804.35","26,649"
"03-Sep-2024","EQ","1,890.00","1,910.00","1,882.00","1,885.40","1,900.50","1,901.95","1,900.28","1,985.40","1,232.85","5,93,605","1,12,80,15,015.25","34,087"
"02-Sep-2024","EQ","1,920.00","1,920.00","1,880.10","1,899.35","1,883.75","1,885.40","1,898.15","1,985.40","1,232.85","6,63,594","1,25,96,00,215.00","31,636"
"30-Aug-2024","EQ","1,888.00","1,921.50","1,888.00","1,893.25","1,898.70","1,899.35","1,900.61","1,985.40","1,232.85","15,62,361","2,96,94,38,997.00","47,979"
"29-Aug-2024","EQ","1,893.00","1,902.00","1,863.55","1,890.60","1,896.00","1,893.25","1,878.89","1,985.40","1,232.85","6,36,198","1,19,53,48,585.95","28,724"
"28-Aug-2024","EQ","1,899.00","1,905.85","1,878.00","1,895.20","1,893.95","1,890.60","1,892.84","1,985.40","1,232.85","7,66,452","1,45,07,72,896.45","25,450"
"27-Aug-2024","EQ","1,919.90","1,957.45","1,891.90","1,912.10","1,894.50","1,895.20","1,926.79","1,985.40","1,232.85","10,32,266","1,98,89,59,746.00","53,235"
"26-Aug-2024","EQ","1,882.10","1,916.35","1,880.35","1,884.65","1,910.00","1,912.10","1,904.61","1,985.40","1,232.85","5,80,249","1,10,51,46,735.20","27,326"
"23-Aug-2024","EQ","1,895.65","1,908.00","1,877.00","1,895.65","1,891.60","1,884.65","1,889.98","1,985.40","1,232.85","5,43,897","1,02,79,55,326.65","23,746"
"22-Aug-2024","EQ","1,924.00","1,924.00","1,893.55","1,920.55","1,900.00","1,895.65","1,904.79","1,985.40","1,232.85","7,67,704","1,46,23,15,177.60","29,838"
"21-Aug-2024","EQ","1,890.00","1,925.00","1,882.45","1,889.70","1,924.75","1,920.55","1,903.06","1,985.40","1,232.85","9,48,150","1,80,43,85,190.40","43,110"
"20-Aug-2024","EQ","1,888.90","1,902.55","1,866.00","1,881.85","1,887.05","1,889.70","1,889.49","1,985.40","1,232.85","9,64,261","1,82,19,57,630.15","48,838"
"19-Aug-2024","EQ","1,886.00","1,897.30","1,870.00","1,876.45","1,885.00","1,881.85","1,881.30","1,985.40","1,232.85","6,22,654","1,17,13,98,561.65","18,340"
"16-Aug-2024","EQ","1,871.00","1,890.90","1,852.50","1,845.95","1,874.05","1,876.45","1,870.81","1,985.40","1,232.85","16,20,998","3,03,25,84,656.00","48,645"
"14-Aug-2024","EQ","1,831.00","1,851.15","1,808.00","1,825.55","1,848.95","1,845.95","1,833.72","1,985.40","1,232.85","6,48,490","1,18,91,49,005.90","40,715"
"13-Aug-2024","EQ","1,815.00","1,844.95","1,803.80","1,810.05","1,827.85","1,825.55","1,826.66","1,985.40","1,232.85","8,10,978","1,48,13,84,296.45","49,651"
"12-Aug-2024","EQ","1,791.00","1,821.40","1,790.55","1,799.40","1,813.00","1,810.05","1,809.01","1,985.40","1,232.85","6,18,188","1,11,83,07,221.60","23,747"
"09-Aug-2024","EQ","1,803.00","1,807.55","1,791.00","1,785.55","1,794.70","1,799.40","1,799.65","1,985.40","1,232.85","7,89,272","1,42,04,09,521.35","33,222"
"08-Aug-2024","EQ","1,825.00","1,832.90","1,781.80","1,824.35","1,790.60","1,785.55","1,805.05","1,985.40","1,232.85","8,11,391","1,46,46,00,569.00","41,985"
"07-Aug-2024","EQ","1,805.00","1,829.25","1,793.45","1,789.45","1,829.00","1,824.35","1,818.68","1,985.40","1,232.85","3,52,266","64,06,57,504.40","29,529"
"06-Aug-2024","EQ","1,783.00","1,812.00","1,781.55","1,784.30","1,790.00","1,789.45","1,800.02","1,985.40","1,232.85","6,56,243","1,18,12,47,593.90","39,055"
"05-Aug-2024","EQ","1,765.10","1,806.20","1,765.10","1,819.50","1,775.75","1,784.30","1,782.77","1,985.40","1,232.85","9,70,438","1,73,00,71,702.50","51,689"
"02-Aug-2024","EQ","1,822.00","1,839.00","1,807.40","1,838.05","1,816.50","1,819.50","1,825.56","1,985.40","1,232.85","6,70,205","1,22,34,98,177.00","33,385"
"01-Aug-2024","EQ","1,857.50","1,865.00","1,822.45","1,849.85","1,838.90","1,838.05","1,844.40","1,985.40","1,232.85","5,04,762","93,09,81,068.65","25,550"
"31-Jul-2024","EQ","1,823.00","1,857.60","1,819.10","1,815.80","1,847.00","1,849.85","1,842.65","1,985.40","1,232.85","8,31,749","1,53,26,23,990.30","69,477"
"30-Jul-2024","EQ","1,837.60","1,844.65","1,812.00","1,837.60","1,813.05","1,815.80","1,821.67","1,985.40","1,232.85","8,75,642","1,59,51,33,731.20","47,517"
"29-Jul-2024","EQ","1,855.00","1,862.65","1,832.10","1,838.65","1,838.00","1,837.60","1,845.13","1,985.40","1,232.85","8,38,188","1,54,65,67,296.30","51,063"
"26-Jul-2024","EQ","1,846.00","1,856.80","1,826.05","1,826.80","1,838.00","1,838.65","1,841.77","1,985.40","1,232.85","8,14,890","1,50,08,41,592.25","35,086"
"25-Jul-2024","EQ","1,786.00","1,840.00","1,774.70","1,791.75","1,838.85","1,826.80","1,812.37","1,985.40","1,232.85","14,49,713","2,62,74,22,466.85","60,020"
"24-Jul-2024","EQ","1,762.00","1,799.45","1,753.25","1,762.15","1,795.00","1,791.75","1,782.62","1,985.40","1,232.85","8,52,488","1,51,96,62,811.35","45,148"
"23-Jul-2024","EQ","1,772.95","1,774.95","1,687.55","1,768.70","1,755.35","1,762.15","1,740.57","1,985.40","1,232.85","16,04,569","2,79,28,66,532.90","86,447"
"22-Jul-2024","EQ","1,768.00","1,784.95","1,740.55","1,768.50","1,767.00","1,768.70","1,767.23","1,985.40","1,232.85","13,15,829","2,32,53,70,775.75","79,611"
"19-Jul-2024","EQ","1,870.00","1,894.00","1,765.00","1,862.65","1,765.85","1,768.50","1,799.24","1,985.40","1,232.85","19,92,696","3,58,53,35,000.75","97,305"
"18-Jul-2024","EQ","1,880.00","1,915.80","1,821.05","1,875.40","1,870.00","1,862.65","1,861.67","1,985.40","1,232.85","33,79,348","6,29,12,36,919.10","1,45,380"
"16-Jul-2024","EQ","1,896.00","1,910.00","1,870.00","1,891.70","1,880.00","1,875.40","1,890.34","1,985.40","1,232.85","12,13,886","2,29,46,55,600.40","64,624"
"15-Jul-2024","EQ","1,913.00","1,939.10","1,881.50","1,908.45","1,885.00","1,891.70","1,906.68","1,985.40","1,232.85","4,83,229","92,13,63,530.35","34,366"
"12-Jul-2024","EQ","1,920.15","1,929.00","1,897.85","1,920.00","1,910.00","1,908.45","1,909.49","1,985.40","1,232.85","5,25,200","1,00,28,62,702.50","38,488"
"11-Jul-2024","EQ","1,946.00","1,949.70","1,915.20","1,929.45","1,917.65","1,920.00","1,928.19","1,985.40","1,232.85","5,84,446","1,12,69,22,257.40","27,768"
"10-Jul-2024","EQ","1,934.95","1,945.00","1,898.40","1,921.05","1,927.00","1,929.45","1,923.79","1,985.40","1,232.85","6,92,263","1,33,17,71,079.75","45,089"
"09-Jul-2024","EQ","1,897.00","1,938.90","1,866.00","1,886.20","1,925.00","1,921.05","1,918.02","1,985.40","1,232.85","11,06,006","2,12,13,41,907.85","60,590"
"08-Jul-2024","EQ","1,904.80","1,904.80","1,866.65","1,893.65","1,886.85","1,886.20","1,880.18","1,985.40","1,232.85","6,25,411","1,17,58,82,989.70","41,386"
"05-Jul-2024","EQ","1,882.35","1,904.25","1,874.00","1,882.60","1,888.80","1,893.65","1,895.24","1,985.40","1,232.85","4,74,114","89,85,59,225.35","25,647"
"04-Jul-2024","EQ","1,887.50","1,908.90","1,875.10","1,878.90","1,882.00","1,882.60","1,891.23","1,985.40","1,232.85","7,38,610","1,39,68,82,001.80","53,942"
"03-Jul-2024","EQ","1,814.70","1,884.00","1,814.70","1,814.70","1,882.40","1,878.90","1,854.06","1,985.40","1,232.85","18,90,144","3,50,44,35,534.05","84,206"
"02-Jul-2024","EQ","1,830.00","1,831.95","1,806.75","1,823.90","1,811.05","1,814.70","1,820.40","1,985.40","1,232.85","12,35,074","2,24,83,33,686.60","60,488"
"01-Jul-2024","EQ","1,821.55","1,874.00","1,817.00","1,822.40","1,824.95","1,823.90","1,839.09","1,985.40","1,232.85","13,46,860","2,47,69,96,523.60","67,244"
"28-Jun-2024","EQ","1,863.00","1,869.45","1,812.60","1,852.85","1,820.00","1,822.40","1,839.58","1,985.40","1,232.85","17,99,112","3,30,96,13,690.25","85,046"
"27-Jun-2024","EQ","1,915.40","1,918.30","1,844.40","1,918.30","1,850.00","1,852.85","1,878.01","1,985.40","1,232.85","21,45,795","4,02,98,22,016.30","71,853"
"26-Jun-2024","EQ","1,901.20","1,945.35","1,901.20","1,916.85","1,915.05","1,918.30","1,926.58","1,985.40","1,232.85","10,11,884","1,94,94,76,143.85","50,947"
"25-Jun-2024","EQ","1,915.00","1,968.95","1,911.35","1,911.85","1,915.20","1,916.85","1,942.43","1,985.40","1,232.85","18,95,230","3,68,13,44,907.20","87,586"
"24-Jun-2024","EQ","1,891.00","1,935.00","1,883.50","1,887.05","1,910.00","1,911.85","1,913.99","1,985.40","1,232.85","24,85,454","4,75,71,25,605.20","1,18,333"
"21-Jun-2024","EQ","1,832.55","1,924.90","1,818.05","1,818.30","1,885.00","1,887.05","1,884.46","1,985.40","1,232.85","35,96,315","6,77,71,08,668.55","1,58,301"
"20-Jun-2024","EQ","1,818.05","1,825.90","1,805.65","1,815.65","1,818.15","1,818.30","1,819.44","1,985.40","1,232.85","10,36,750","1,88,63,04,821.15","62,738"
"19-Jun-2024","EQ","1,836.20","1,840.00","1,807.20","1,828.20","1,815.30","1,815.65","1,821.62","1,985.40","1,232.85","12,61,356","2,29,77,09,445.05","97,708"
"18-Jun-2024","EQ","1,831.50","1,853.55","1,824.00","1,839.50","1,825.00","1,828.20","1,834.22","1,985.40","1,232.85","35,21,095","6,45,84,60,759.90","86,384"
"14-Jun-2024","EQ","1,864.95","1,873.00","1,835.30","1,838.50","1,838.55","1,839.50","1,848.59","1,985.40","1,232.85","27,91,525","5,16,03,75,560.10","1,00,010"
"13-Jun-2024","EQ","1,851.00","1,853.05","1,832.30","1,830.25","1,838.25","1,838.50","1,839.06","1,985.40","1,232.85","16,07,614","2,95,64,91,525.25","59,538"
"12-Jun-2024","EQ","1,836.00","1,849.70","1,820.00","1,832.85","1,830.40","1,830.25","1,829.66","1,985.40","1,232.85","7,04,224","1,28,84,93,905.05","44,351"
"11-Jun-2024","EQ","1,860.00","1,870.85","1,826.00","1,856.85","1,832.00","1,832.85","1,838.72","1,985.40","1,232.85","12,06,884","2,21,91,21,555.35","84,437"
"10-Jun-2024","EQ","1,860.00","1,885.90","1,846.55","1,855.35","1,850.00","1,856.85","1,863.11","1,985.40","1,232.85","7,90,525","1,47,28,33,164.65","50,712"
"07-Jun-2024","EQ","1,840.40","1,861.80","1,823.45","1,839.70","1,850.35","1,855.35","1,848.65","1,985.40","1,232.85","11,65,761","2,15,50,79,431.30","46,880"
"06-Jun-2024","EQ","1,810.00","1,875.00","1,810.00","1,792.80","1,840.80","1,839.70","1,841.41","1,985.40","1,232.85","20,87,804","3,84,44,95,038.40","72,724"
"05-Jun-2024","EQ","1,774.05","1,817.00","1,750.00","1,773.00","1,788.50","1,792.80","1,787.21","1,985.40","1,232.85","18,55,495","3,31,61,50,449.00","78,054"
"04-Jun-2024","EQ","1,874.00","1,877.95","1,711.25","1,879.30","1,764.15","1,773.00","1,797.50","1,985.40","1,232.85","18,10,438","3,25,42,66,648.30","92,042"
"03-Jun-2024","EQ","1,980.00","1,985.40","1,866.65","1,907.30","1,882.65","1,879.30","1,890.93","1,985.40","1,232.85","11,84,715","2,24,02,08,378.35","67,925"
"31-May-2024","EQ","1,872.55","1,950.05","1,856.10","1,860.60","1,908.80","1,907.30","1,899.02","1,950.05","1,232.85","26,34,560","5,00,30,85,823.20","84,889"
"30-May-2024","EQ","1,892.40","1,904.80","1,854.40","1,893.55","1,858.00","1,860.60","1,881.06","1,925.00","1,232.85","12,04,505","2,26,57,43,923.15","56,186"
"29-May-2024","EQ","1,889.50","1,909.80","1,869.30","1,885.75","1,892.40","1,893.55","1,895.79","1,925.00","1,232.85","8,31,300","1,57,59,70,733.05","56,177"
"28-May-2024","EQ","1,890.65","1,907.00","1,876.15","1,887.30","1,889.00","1,885.75","1,887.42","1,925.00","1,232.85","11,80,720","2,22,85,17,496.50","58,029"
"27-May-2024","EQ","1,899.00","1,919.50","1,870.05","1,889.85","1,885.95","1,887.30","1,897.29","1,925.00","1,232.85","9,98,013","1,89,35,23,194.40","56,920"
"24-May-2024","EQ","1,851.00","1,925.00","1,843.75","1,854.15","1,891.60","1,889.85","1,901.29","1,925.00","1,232.85","18,64,447","3,54,48,60,869.20","96,797"
"23-May-2024","EQ","1,839.15","1,857.45","1,824.00","1,842.95","1,849.15","1,854.15","1,843.63","1,876.40","1,232.85","11,57,389","2,13,38,02,464.85","49,952"
"22-May-2024","EQ","1,876.40","1,876.40","1,832.30","1,866.85","1,845.75","1,842.95","1,847.00","1,876.40","1,232.85","10,42,740","1,92,59,41,517.75","54,935"
"21-May-2024","EQ","1,825.00","1,874.60","1,822.80","1,822.80","1,852.00","1,866.85","1,860.60","1,874.60","1,232.85","20,54,011","3,82,16,82,822.50","1,13,840"
"18-May-2024","EQ","1,810.00","1,839.60","1,802.05","1,813.65","1,825.00","1,822.80","1,819.63","1,839.60","1,232.85","62,562","11,38,39,875.00","4,315"
"17-May-2024","EQ","1,790.00","1,820.00","1,777.25","1,777.70","1,819.00","1,813.65","1,799.03","1,820.00","1,232.85","12,17,585","2,19,04,71,029.75","57,678"
"16-May-2024","EQ","1,756.00","1,785.00","1,752.20","1,754.15","1,776.90","1,777.70","1,766.71","1,785.00","1,232.85","11,34,916","2,00,50,66,371.85","37,884"
"15-May-2024","EQ","1,740.00","1,757.20","1,730.00","1,729.10","1,753.00","1,754.15","1,743.14","1,757.20","1,232.85","10,43,231","1,81,84,92,590.85","45,301"
"14-May-2024","EQ","1,703.00","1,744.45","1,703.00","1,702.40","1,730.00","1,729.10","1,727.97","1,744.45","1,232.85","19,80,463","3,42,21,85,857.50","89,800"
"13-May-2024","EQ","1,689.85","1,714.90","1,675.60","1,686.75","1,705.25","1,702.40","1,698.35","1,714.90","1,232.85","15,39,023","2,61,38,05,540.50","71,371"
"10-May-2024","EQ","1,675.00","1,695.00","1,661.20","1,673.55","1,689.85","1,686.75","1,686.99","1,706.85","1,227.50","8,02,843","1,35,43,87,107.25","33,323"
"09-May-2024","EQ","1,692.00","1,705.00","1,665.75","1,691.15","1,668.35","1,673.55","1,684.02","1,706.85","1,227.50","13,04,325","2,19,65,11,264.30","41,693"
"08-May-2024","EQ","1,670.95","1,699.00","1,656.20","1,672.95","1,692.00","1,691.15","1,689.06","1,706.85","1,227.50","14,20,666","2,39,95,94,157.50","55,858"
"07-May-2024","EQ","1,678.00","1,703.00","1,662.00","1,675.20","1,671.05","1,672.95","1,681.13","1,706.85","1,227.50","17,02,335","2,86,18,45,946.25","71,593"
"06-May-2024","EQ","1,669.95","1,694.00","1,666.70","1,663.55","1,675.00","1,675.20","1,682.14","1,706.85","1,227.50","13,72,662","2,30,90,10,321.70","55,658"
"03-May-2024","EQ","1,678.05","1,699.75","1,648.55","1,667.65","1,670.00","1,663.55","1,673.16","1,706.85","1,211.85","17,70,873","2,96,29,46,439.40","81,907"
"02-May-2024","EQ","1,686.00","1,706.85","1,650.05","1,664.00","1,667.00","1,667.65","1,677.35","1,706.85","1,211.85","29,85,962","5,00,84,96,843.55","1,19,865"
"30-Apr-2024","EQ","1,625.50","1,688.00","1,625.50","1,644.45","1,666.15","1,664.00","1,672.59","1,688.00","1,211.85","25,11,176","4,20,01,72,206.80","76,393"
"29-Apr-2024","EQ","1,656.50","1,660.50","1,631.45","1,640.05","1,640.95","1,644.45","1,645.59","1,660.50","1,211.85","11,15,405","1,83,55,00,901.35","53,175"
"26-Apr-2024","EQ","1,568.70","1,652.70","1,568.25","1,560.60","1,643.10","1,640.05","1,624.33","1,652.70","1,193.20","41,66,048","6,76,70,23,831.80","1,42,865"
"25-Apr-2024","EQ","1,569.00","1,574.90","1,553.20","1,568.10","1,557.60","1,560.60","1,560.41","1,591.35","1,193.20","10,76,657","1,68,00,31,275.80","33,579"
"24-Apr-2024","EQ","1,547.95","1,578.90","1,547.90","1,547.95","1,569.00","1,568.10","1,567.11","1,591.35","1,193.20","12,14,213","1,90,28,07,301.80","68,582"
"23-Apr-2024","EQ","1,553.85","1,561.80","1,540.00","1,550.75","1,547.00","1,547.95","1,551.14","1,591.35","1,193.20","9,66,466","1,49,91,21,272.05","47,400"
"22-Apr-2024","EQ","1,517.05","1,563.60","1,507.00","1,501.70","1,550.00","1,550.75","1,542.34","1,591.35","1,193.20","15,67,505","2,41,76,20,637.35","63,091"
"19-Apr-2024","EQ","1,472.25","1,516.20","1,453.95","1,493.70","1,496.15","1,501.70","1,489.64","1,591.35","1,175.70","6,28,014","93,55,13,579.30","44,101"
"18-Apr-2024","EQ","1,500.00","1,530.00","1,485.95","1,482.00","1,501.00","1,493.70","1,509.16","1,591.35","1,175.70","11,82,191","1,78,41,11,799.45","59,715"
"16-Apr-2024","EQ","1,497.00","1,506.00","1,473.45","1,501.60","1,487.50","1,482.00","1,488.54","1,591.35","1,175.70","15,21,805","2,26,52,71,124.40","48,263"
"15-Apr-2024","EQ","1,490.00","1,519.00","1,476.00","1,510.65","1,504.30","1,501.60","1,504.08","1,591.35","1,175.70","9,00,584","1,35,45,48,627.60","49,821"
"12-Apr-2024","EQ","1,500.60","1,537.55","1,488.35","1,501.30","1,509.60","1,510.65","1,517.54","1,591.35","1,158.15","14,66,807","2,22,59,35,102.05","57,101"
"10-Apr-2024","EQ","1,516.00","1,520.00","1,495.50","1,512.70","1,497.00","1,501.30","1,508.73","1,591.35","1,158.15","13,84,698","2,08,91,31,783.25","33,799"
"09-Apr-2024","EQ","1,534.00","1,537.20","1,506.90","1,530.15","1,514.00","1,512.70","1,521.80","1,591.35","1,158.15","10,62,855","1,61,74,55,143.00","28,526"
"08-Apr-2024","EQ","1,563.00","1,582.00","1,525.95","1,550.10","1,533.90","1,530.15","1,558.26","1,591.35","1,158.15","18,51,259","2,88,47,40,072.55","84,687"
"05-Apr-2024","EQ","1,539.00","1,553.00","1,532.35","1,538.75","1,552.00","1,550.10","1,542.84","1,591.35","1,158.15","7,86,786","1,21,38,82,964.10","30,764"
"04-Apr-2024","EQ","1,559.90","1,559.95","1,532.60","1,550.55","1,541.90","1,538.75","1,542.75","1,591.35","1,158.15","7,97,587","1,23,04,74,788.40","33,356"
"03-Apr-2024","EQ","1,550.00","1,561.90","1,522.00","1,544.15","1,548.15","1,550.55","1,548.37","1,591.35","1,158.15","11,32,164","1,75,30,08,090.00","48,499"
"02-Apr-2024","EQ","1,520.05","1,558.20","1,516.75","1,514.45","1,545.10","1,544.15","1,545.53","1,591.35","1,158.15","31,36,602","4,84,77,02,316.85","88,261"
"01-Apr-2024","EQ","1,529.00","1,539.00","1,510.75","1,515.00","1,515.00","1,514.45","1,523.48","1,591.35","1,158.15","11,11,418","1,69,32,23,617.80","40,460"
"28-Mar-2024","EQ","1,488.40","1,525.00","1,480.60","1,488.40","1,525.00","1,515.00","1,507.43","1,591.35","1,131.80","9,24,279","1,39,32,81,689.65","42,132"
"27-Mar-2024","EQ","1,488.10","1,505.00","1,479.40","1,487.55","1,490.00","1,488.40","1,489.35","1,591.35","1,131.80","9,73,040","1,44,91,97,881.15","65,324"
"26-Mar-2024","EQ","1,450.00","1,495.95","1,449.00","1,469.25","1,495.65","1,487.55","1,474.46","1,591.35","1,131.80","7,64,041","1,12,65,46,736.40","33,351"
"22-Mar-2024","EQ","1,485.00","1,494.70","1,465.05","1,485.05","1,473.00","1,469.25","1,478.32","1,591.35","1,131.80","4,16,340","61,54,83,559.40","27,327"
"21-Mar-2024","EQ","1,467.50","1,491.55","1,465.40","1,461.20","1,483.05","1,485.05","1,479.24","1,591.35","1,131.80","4,34,617","64,29,00,875.25","22,608"
"20-Mar-2024","EQ","1,460.00","1,465.95","1,435.05","1,457.25","1,461.85","1,461.20","1,452.17","1,591.35","1,131.80","4,87,253","70,75,74,858.50","28,848"
"19-Mar-2024","EQ","1,500.00","1,500.00","1,450.00","1,501.65","1,452.75","1,457.25","1,467.39","1,591.35","1,131.80","5,63,152","82,63,62,715.85","30,528"
"18-Mar-2024","EQ","1,482.35","1,505.60","1,470.80","1,482.30","1,500.90","1,501.65","1,490.62","1,591.35","1,131.80","3,92,071","58,44,30,630.00","26,506"
"15-Mar-2024","EQ","1,514.85","1,520.30","1,476.05","1,516.95","1,487.00","1,482.30","1,489.75","1,591.35","1,131.80","10,50,296","1,56,46,74,378.00","43,189"
"14-Mar-2024","EQ","1,474.05","1,524.70","1,458.05","1,474.05","1,505.00","1,516.95","1,501.20","1,591.35","1,131.80","8,48,225","1,27,33,59,132.05","30,945"
"13-Mar-2024","EQ","1,508.05","1,544.15","1,464.05","1,502.00","1,470.05","1,474.05","1,507.94","1,591.35","1,131.80","16,11,966","2,43,07,44,239.05","72,057"
"12-Mar-2024","EQ","1,537.00","1,550.00","1,498.65","1,542.45","1,503.05","1,502.00","1,522.59","1,591.35","1,131.80","5,65,010","86,02,79,067.05","35,763"
"11-Mar-2024","EQ","1,543.15","1,561.35","1,533.15","1,543.15","1,543.00","1,542.45","1,546.96","1,591.35","1,131.80","7,66,416","1,18,56,15,434.20","52,705"
"07-Mar-2024","EQ","1,518.00","1,562.80","1,515.05","1,517.70","1,543.00","1,543.15","1,546.64","1,591.35","1,131.80","14,62,696","2,26,22,70,930.25","75,744"
"06-Mar-2024","EQ","1,570.00","1,571.00","1,508.00","1,540.15","1,521.65","1,517.70","1,530.16","1,591.35","1,131.80","16,60,233","2,54,04,21,969.95","81,681"
"05-Mar-2024","EQ","1,558.00","1,558.00","1,526.00","1,553.95","1,542.00","1,540.15","1,540.08","1,591.35","1,131.80","12,43,789","1,91,55,39,542.75","45,436"
"04-Mar-2024","EQ","1,588.00","1,588.00","1,532.00","1,576.45","1,555.00","1,553.95","1,553.12","1,591.35","1,131.80","13,90,941","2,16,03,00,686.20","56,425"
"02-Mar-2024","EQ","1,517.60","1,591.35","1,517.60","1,515.60","1,576.00","1,576.45","1,575.90","1,591.35","1,131.80","3,59,846","56,70,80,332.80","16,555"
"01-Mar-2024","EQ","1,528.95","1,536.20","1,506.00","1,531.35","1,517.55","1,515.60","1,517.78","1,550.00","1,131.80","8,02,788","1,21,84,59,544.15","37,204"
"29-Feb-2024","EQ","1,532.05","1,540.35","1,511.00","1,534.35","1,530.00","1,531.35","1,525.28","1,550.00","1,131.80","12,53,651","1,91,21,62,807.80","57,694"
"28-Feb-2024","EQ","1,479.00","1,550.00","1,471.20","1,469.15","1,528.00","1,534.35","1,523.38","1,550.00","1,131.80","62,73,879","9,55,74,82,048.10","1,83,719"
"27-Feb-2024","EQ","1,438.60","1,482.00","1,433.00","1,424.05","1,471.20","1,469.15","1,464.99","1,482.00","1,131.80","28,67,826","4,20,13,30,682.05","1,23,712"
"26-Feb-2024","EQ","1,424.00","1,430.00","1,413.30","1,429.50","1,420.00","1,424.05","1,422.48","1,472.00","1,131.80","3,63,708","51,73,68,827.05","31,068"
"23-Feb-2024","EQ","1,431.00","1,438.80","1,422.40","1,431.95","1,424.00","1,429.50","1,428.98","1,472.00","1,131.80","5,42,609","77,53,76,544.65","19,985"
"22-Feb-2024","EQ","1,423.85","1,438.00","1,415.00","1,414.85","1,427.15","1,431.95","1,425.56","1,472.00","1,131.80","15,07,612","2,14,91,95,410.70","34,263"
"21-Feb-2024","EQ","1,407.00","1,419.70","1,397.10","1,395.20","1,419.00","1,414.85","1,409.52","1,472.00","1,131.80","4,54,441","64,05,44,517.00","22,949"
"20-Feb-2024","EQ","1,409.35","1,414.40","1,392.05","1,410.55","1,394.00","1,395.20","1,402.91","1,472.00","1,131.80","5,42,689","76,13,46,139.55","39,429"
"19-Feb-2024","EQ","1,401.05","1,422.50","1,392.60","1,399.10","1,410.65","1,410.55","1,403.60","1,472.00","1,131.80","14,12,922","1,98,31,76,088.20","31,972"
"16-Feb-2024","EQ","1,387.00","1,401.00","1,378.40","1,380.65","1,400.00","1,399.10","1,393.80","1,472.00","1,131.80","4,58,522","63,90,86,650.95","27,501"
"15-Feb-2024","EQ","1,387.50","1,391.30","1,376.00","1,380.75","1,379.00","1,380.65","1,382.86","1,472.00","1,131.80","2,50,907","34,69,69,603.85","17,158"
"14-Feb-2024","EQ","1,362.65","1,388.95","1,354.90","1,362.65","1,382.00","1,380.75","1,377.09","1,472.00","1,131.80","9,18,064","1,26,42,57,626.50","44,466"
"13-Feb-2024","EQ","1,332.90","1,366.40","1,315.05","1,333.10","1,362.00","1,362.65","1,335.52","1,472.00","1,131.80","10,32,576","1,37,90,20,775.35","25,813"
"12-Feb-2024","EQ","1,345.00","1,354.00","1,328.05","1,346.90","1,337.00","1,333.10","1,338.31","1,472.00","1,131.80","9,02,739","1,20,81,41,237.90","26,407"
"09-Feb-2024","EQ","1,340.00","1,354.90","1,326.65","1,349.35","1,350.00","1,346.90","1,343.41","1,472.00","1,131.80","9,41,809","1,26,52,37,300.85","42,384"
"08-Feb-2024","EQ","1,351.50","1,354.35","1,333.60","1,351.35","1,350.00","1,349.35","1,347.36","1,472.00","1,131.80","7,93,521","1,06,91,54,742.95","45,324"
"07-Feb-2024","EQ","1,350.00","1,356.00","1,338.15","1,345.00","1,351.00","1,351.35","1,348.91","1,472.00","1,131.80","4,16,325","56,15,85,604.55","32,266"
"06-Feb-2024","EQ","1,340.00","1,349.80","1,334.05","1,339.75","1,345.00","1,345.00","1,344.75","1,472.00","1,131.80","4,36,681","58,72,28,828.05","27,435"
"05-Feb-2024","EQ","1,350.00","1,357.80","1,334.65","1,341.30","1,336.40","1,339.75","1,347.49","1,472.00","1,131.80","16,59,511","2,23,61,67,282.30","43,488"
"02-Feb-2024","EQ","1,325.00","1,343.75","1,308.20","1,314.60","1,342.00","1,341.30","1,330.97","1,472.00","1,131.80","10,97,984","1,46,13,84,067.60","41,000"
"01-Feb-2024","EQ","1,301.90","1,317.90","1,292.90","1,294.40","1,313.00","1,314.60","1,307.38","1,472.00","1,131.80","7,59,546","99,30,16,937.05","42,191"
"31-Jan-2024","EQ","1,296.05","1,302.60","1,287.45","1,295.10","1,296.40","1,294.40","1,293.62","1,472.00","1,131.80","8,24,629","1,06,67,58,664.25","42,592"
"30-Jan-2024","EQ","1,328.00","1,328.00","1,290.40","1,317.90","1,292.00","1,295.10","1,305.28","1,472.00","1,131.80","7,02,512","91,69,76,780.55","27,206"
"29-Jan-2024","EQ","1,290.35","1,322.75","1,289.85","1,290.35","1,317.00","1,317.90","1,308.38","1,472.00","1,131.80","11,95,162","1,56,37,25,310.05","24,677"
"25-Jan-2024","EQ","1,311.90","1,311.90","1,283.10","1,305.60","1,291.20","1,290.35","1,290.24","1,472.00","1,131.80","4,70,783","60,74,24,099.70","23,575"
"24-Jan-2024","EQ","1,299.00","1,323.15","1,280.00","1,313.15","1,308.95","1,305.60","1,303.28","1,472.00","1,131.80","11,22,451","1,46,28,64,721.70","45,872"
"23-Jan-2024","EQ","1,370.05","1,374.90","1,300.55","1,375.60","1,317.95","1,313.15","1,328.30","1,472.00","1,131.80","12,86,175","1,70,84,23,618.95","73,791"
"20-Jan-2024","EQ","1,388.45","1,393.90","1,370.00","1,381.95","1,370.00","1,375.60","1,381.16","1,472.00","1,131.80","1,50,156","20,73,89,901.20","10,999"
"19-Jan-2024","EQ","1,410.00","1,419.00","1,370.65","1,400.30","1,380.45","1,381.95","1,387.48","1,472.00","1,131.80","6,51,609","90,40,94,460.95","43,781"
"18-Jan-2024","EQ","1,424.55","1,433.95","1,394.00","1,431.35","1,399.00","1,400.30","1,408.89","1,472.00","1,131.80","6,03,033","84,96,04,624.05","29,343"
"17-Jan-2024","EQ","1,427.85","1,444.20","1,413.15","1,430.20","1,433.55","1,431.35","1,432.10","1,472.00","1,131.80","10,89,285","1,55,99,60,188.90","39,010"
"16-Jan-2024","EQ","1,440.50","1,443.00","1,425.90","1,440.55","1,431.00","1,430.20","1,432.15","1,472.00","1,131.80","6,27,295","89,83,82,294.40","34,539"
"15-Jan-2024","EQ","1,435.00","1,447.00","1,423.00","1,432.05","1,441.45","1,440.55","1,438.83","1,472.00","1,131.80","5,92,597","85,26,45,757.00","28,625"
"12-Jan-2024","EQ","1,447.15","1,447.15","1,420.10","1,430.10","1,432.50","1,432.05","1,431.40","1,472.00","1,131.80","5,85,322","83,78,28,370.90","30,505"
"11-Jan-2024","EQ","1,403.00","1,472.00","1,399.20","1,390.70","1,430.00","1,430.10","1,436.96","1,472.00","1,131.80","38,86,984","5,58,54,46,937.40","1,18,244"
"10-Jan-2024","EQ","1,377.10","1,394.05","1,365.40","1,379.65","1,394.00","1,390.70","1,379.55","1,465.85","1,131.80","13,53,774","1,86,75,93,338.90","36,317"
"09-Jan-2024","EQ","1,380.05","1,395.70","1,375.60","1,375.60","1,377.25","1,379.65","1,384.65","1,465.85","1,131.80","4,54,465","62,92,75,502.50","23,407"
"08-Jan-2024","EQ","1,405.45","1,405.45","1,372.25","1,405.50","1,374.00","1,375.60","1,389.72","1,465.85","1,131.80","4,85,181","67,42,67,209.10","27,661"
"05-Jan-2024","EQ","1,400.00","1,416.00","1,396.40","1,399.95","1,405.00","1,405.50","1,405.63","1,465.85","1,099.00","4,88,819","68,70,99,785.85","28,246"
"04-Jan-2024","EQ","1,404.00","1,412.35","1,386.80","1,397.70","1,400.00","1,399.95","1,401.42","1,465.85","1,099.00","6,68,322","93,66,00,147.15","31,731"
"03-Jan-2024","EQ","1,385.00","1,421.35","1,381.30","1,380.10","1,398.00","1,397.70","1,403.38","1,465.85","1,099.00","13,32,808","1,87,04,33,944.85","48,499"
"02-Jan-2024","EQ","1,365.45","1,383.90","1,346.10","1,362.20","1,376.55","1,380.10","1,363.59","1,465.85","1,099.00","7,32,232","99,84,63,127.55","36,136"
"01-Jan-2024","EQ","1,367.95","1,377.00","1,356.00","1,367.95","1,356.00","1,362.20","1,367.19","1,465.85","1,099.00","2,40,757","32,91,59,393.50","14,996"
"29-Dec-2023","EQ","1,373.00","1,383.85","1,361.60","1,366.55","1,367.75","1,367.95","1,372.04","1,465.85","1,089.70","5,51,096","75,61,23,600.40","31,931"
"28-Dec-2023","EQ","1,368.75","1,378.50","1,363.00","1,361.55","1,367.40","1,366.55","1,369.12","1,465.85","1,089.70","6,02,887","82,54,25,756.60","31,306"
"27-Dec-2023","EQ","1,361.10","1,379.95","1,352.95","1,361.80","1,359.00","1,361.55","1,363.86","1,465.85","1,089.70","5,70,198","77,76,69,526.95","38,718"
"26-Dec-2023","EQ","1,349.00","1,364.65","1,349.00","1,351.80","1,361.60","1,361.80","1,360.42","1,465.85","1,089.70","3,76,595","51,23,25,961.40","34,142"
"22-Dec-2023","EQ","1,345.00","1,355.95","1,338.10","1,341.10","1,350.95","1,351.80","1,349.06","1,465.85","1,024.50","5,92,159","79,88,56,283.50","24,362"
"21-Dec-2023","EQ","1,331.30","1,351.75","1,312.55","1,335.60","1,340.00","1,341.10","1,336.35","1,465.85","1,024.50","6,71,157","89,68,98,205.40","35,861"
"20-Dec-2023","EQ","1,380.00","1,395.00","1,328.95","1,372.40","1,331.30","1,335.60","1,364.12","1,465.85","1,024.50","14,53,036","1,98,21,19,342.00","77,291"
"19-Dec-2023","EQ","1,346.00","1,375.00","1,332.20","1,345.85","1,372.90","1,372.40","1,360.25","1,465.85","1,024.50","8,89,643","1,21,01,34,083.50","41,415"
"18-Dec-2023","EQ","1,330.30","1,355.85","1,324.50","1,332.40","1,347.00","1,345.85","1,344.33","1,465.85","1,024.50","4,88,264","65,63,88,513.95","22,610"
"15-Dec-2023","EQ","1,335.15","1,344.95","1,327.05","1,333.65","1,328.40","1,332.40","1,334.91","1,465.85","1,024.50","5,26,573","70,29,25,502.20","24,344"
"14-Dec-2023","EQ","1,336.85","1,337.70","1,327.35","1,327.30","1,337.00","1,333.65","1,332.84","1,465.85","1,024.50","4,00,039","53,31,86,887.80","32,542"
"13-Dec-2023","EQ","1,342.10","1,342.10","1,310.50","1,341.60","1,326.10","1,327.30","1,321.19","1,465.85","1,024.50","6,43,534","85,02,29,699.20","31,942"
"12-Dec-2023","EQ","1,346.00","1,363.70","1,329.15","1,345.00","1,337.90","1,341.60","1,345.65","1,465.85","1,024.50","8,95,136","1,20,45,43,605.10","45,280"
"11-Dec-2023","EQ","1,348.00","1,348.70","1,338.30","1,343.00","1,340.30","1,345.00","1,343.57","1,465.85","1,024.50","4,95,744","66,60,68,999.35","22,802"
"08-Dec-2023","EQ","1,357.00","1,357.00","1,332.00","1,349.50","1,343.00","1,343.00","1,342.82","1,465.85","1,024.50","5,14,463","69,08,32,107.40","24,027"
"07-Dec-2023","EQ","1,330.00","1,351.15","1,315.45","1,324.45","1,349.70","1,349.50","1,340.69","1,465.85","1,024.50","6,14,481","82,38,27,874.65","38,240"
"06-Dec-2023","EQ","1,320.10","1,339.90","1,320.10","1,317.55","1,322.15","1,324.45","1,330.72","1,465.85","1,024.50","6,58,995","87,69,39,892.05","30,952"
"05-Dec-2023","EQ","1,313.85","1,321.00","1,305.00","1,313.70","1,318.00","1,317.55","1,314.84","1,465.85","1,024.50","3,89,012","51,14,87,927.20","26,928"
"04-Dec-2023","EQ","1,321.00","1,324.90","1,308.60","1,312.45","1,314.90","1,313.70","1,314.42","1,465.85","1,024.50","5,74,357","75,49,49,147.95","38,624"
"01-Dec-2023","EQ","1,315.00","1,320.00","1,306.00","1,302.65","1,311.00","1,312.45","1,312.47","1,465.85","1,024.50","4,06,906","53,40,51,399.95","34,198"
"30-Nov-2023","EQ","1,292.70","1,308.10","1,282.30","1,288.05","1,305.00","1,302.65","1,298.73","1,465.85","1,024.50","10,03,617","1,30,34,30,182.90","30,457"
"29-Nov-2023","EQ","1,293.90","1,295.15","1,284.20","1,281.25","1,290.70","1,288.05","1,289.88","1,465.85","1,024.50","5,68,761","73,36,34,359.25","30,744"
"28-Nov-2023","EQ","1,294.30","1,294.35","1,278.00","1,294.30","1,281.90","1,281.25","1,285.90","1,465.85","1,024.50","4,46,363","57,39,78,014.05","37,620"
"24-Nov-2023","EQ","1,304.95","1,305.10","1,285.70","1,301.45","1,291.10","1,294.30","1,294.85","1,465.85","1,024.50","4,71,600","61,06,49,021.20","22,808"
"23-Nov-2023","EQ","1,309.80","1,315.00","1,297.05","1,306.00","1,301.10","1,301.45","1,304.08","1,465.85","1,024.50","2,43,581","31,76,49,228.75","13,008"
"22-Nov-2023","EQ","1,304.95","1,309.60","1,298.00","1,298.90","1,305.00","1,306.00","1,305.62","1,465.85","1,024.50","5,90,510","77,09,84,349.35","25,026"
"21-Nov-2023","EQ","1,280.20","1,307.55","1,275.75","1,275.75","1,298.00","1,298.90","1,296.45","1,465.85","1,024.50","9,19,344","1,19,18,84,543.05","34,671"
"20-Nov-2023","EQ","1,284.70","1,285.00","1,273.00","1,280.75","1,277.00","1,275.75","1,277.20","1,465.85","1,024.50","3,38,939","43,28,93,841.75","19,556"
"17-Nov-2023","EQ","1,279.95","1,286.45","1,271.30","1,279.15","1,280.30","1,280.75","1,279.55","1,465.85","1,024.50","4,87,287","62,35,06,366.30","26,745"
"16-Nov-2023","EQ","1,269.00","1,282.70","1,262.05","1,262.05","1,275.05","1,279.15","1,275.46","1,465.85","1,024.50","5,98,909","76,38,82,475.80","20,301"
"15-Nov-2023","EQ","1,261.00","1,270.00","1,253.70","1,250.70","1,267.05","1,262.05","1,263.08","1,465.85","1,024.50","5,53,895","69,96,11,967.15","30,313"
"13-Nov-2023","EQ","1,262.00","1,263.60","1,244.00","1,263.30","1,252.50","1,250.70","1,252.53","1,465.85","1,024.50","4,72,505","59,18,28,950.40","18,771"
"12-Nov-2023","EQ","1,265.05","1,267.95","1,256.40","1,257.40","1,264.40","1,263.30","1,263.54","1,465.85","1,024.50","53,621","6,77,52,413.40","3,523"
"10-Nov-2023","EQ","1,255.00","1,262.00","1,244.30","1,253.15","1,256.65","1,257.40","1,255.21","1,465.85","1,024.50","3,72,182","46,71,67,390.70","19,814"
"09-Nov-2023","EQ","1,259.85","1,260.25","1,247.00","1,252.05","1,256.00","1,253.15","1,253.09","1,465.85","1,024.50","4,12,408","51,67,85,731.00","19,590"
"08-Nov-2023","EQ","1,257.95","1,263.15","1,249.15","1,253.00","1,255.25","1,252.05","1,255.08","1,465.85","1,024.50","9,68,745","1,21,58,56,763.60","33,711"
"07-Nov-2023","EQ","1,265.00","1,265.00","1,245.05","1,262.50","1,255.00","1,253.00","1,252.73","1,465.85","1,024.50","5,78,997","72,53,29,409.30","26,151"